question_id,doc_id,question_type,difficulty,question,gold_answer,evidence,expected_behavior,model,retriever,embedding_model,retrieved_chunk_ids,retrieved_doc_ids,retrieval_scores,retrieved_context,structured_record_ids,structured_context,blocked_category,blocked_reason,model_answer,latency_sec,status,error
Q001,DOC-01,fact,easy,"아포칼립스 : 안티엔바이 1, 2단계 클리어 시 새로 얻을 수 있는 주요 재화는 무엇인가?","광휘의 잔영을 획득할 수 있으며, 이 재화는 NPC 켈돈 자비 상점에서 아이템 구매에 사용된다.","아포칼립스 : 안티엔바이 1, 2단계 클리어 시 다음의 보상을 획득할 수 있습니다. / 광휘의 잔영 / NPC 켈돈 자비 상점에서 다음 아이템 구매에 사용합니다.",보상명과 사용처를 함께 답한다.,qwen3:4b-instruct-2507-q4_K_M,bge-m3,BAAI/bge-m3,DOC-01-C0003|DOC-01-C0002|DOC-01-C0001|DOC-02-C0211|DOC-02-C0267|DOC-02-C0192|DOC-02-C0138|DOC-02-C0171,DOC-01|DOC-02,0.692|0.672|0.631|0.611|0.602|0.593|0.582|0.581,"[근거 1] chunk_id=DOC-01-C0003, doc_id=DOC-01, title=5/28(목) 정기점검 업데이트 안내, lines=7-21, score=0.69
- fetched_at: 2026-05-27T22:36:01
아포칼립스 : 안티엔바이 1, 2단계 보상 변경 사항
아포칼립스 : 안티엔바이 1, 2단계 클리어 시 다음의 보상을 획득할 수 있습니다.
아이템 명
설명
거래타입
광휘의 잔영
NPC 켈돈 자비 상점에서 다음 아이템 구매에 사용합니다.
태초 광휘의 의지
태초 소울 1개 상자
에픽 소울 1개 상자
영롱한 조율의 추 1개 상자
광휘의 잔영 1개 상자 (계정귀속)
교환불가
NPC 상점

[근거 2] chunk_id=DOC-01-C0002, doc_id=DOC-01, title=5/28(목) 정기점검 업데이트 안내, lines=4-18, score=0.67
- category: 일반
- posted_date: 2026.05.28
- source_url: https://df.nexon.com/community/news/update/2927522?categoryType=0
- fetched_at: 2026-05-27T22:36:01
아포칼립스 : 안티엔바이 1, 2단계 보상 변경 사항
아포칼립스 : 안티엔바이 1, 2단계 클리어 시 다음의 보상을 획득할 수 있습니다.
아이템 명
설명
거래타입
광휘의 잔영
NPC 켈돈 자비 상점에서 다음 아이템 구매에 사용합니다.
태초 광휘의 의지
태초 소울 1개 상자
에픽 소울 1개 상자
영롱한 조율의 추 1개 상자

[근거 3] chunk_id=DOC-01-C0001, doc_id=DOC-01, title=5/28(목) 정기점검 업데이트 안내, lines=1-15, score=0.63
# 5/28(목) 정기점검 업데이트 안내
- doc_id: DOC-01
- doc_type: regular_update
- category: 일반
- posted_date: 2026.05.28
- source_url: https://df.nexon.com/community/news/update/2927522?categoryType=0
- fetched_at: 2026-05-27T22:36:01
아포칼립스 : 안티엔바이 1, 2단계 보상 변경 사항
아포칼립스 : 안티엔바이 1, 2단계 클리어 시 다음의 보상을 획득할 수 있습니다.
아이템 명
설명
거래타입
광휘의 잔영
NPC 켈돈 자비 상점에서 다음 아이템 구매에 사용합니다.
태초 광휘의 의지

[근거 4] chunk_id=DOC-02-C0211, doc_id=DOC-02, title=5/20(수) 퍼스트 서버 업데이트 안내, lines=523-537, score=0.61
[아포칼립스] 경매 주화(1회 교환가능)
'[아포칼립스] 경매 주화'를 구매할 수 있습니다.
1회 교환 가능(거래 후 계정귀속)
짙은 심연의 편린 유니크 장비
무기, 방어구, 악세서리, 특수장비 부위 별 65종
1회 교환 가능(거래 후 계정귀속)
아포칼립스 : 안티엔바이 3단계 필사의 저지 클리어 시 안개 서약 획득 경험치
아포칼립스 : 안티엔바이 3단계 필사의 저지 클리어 시 다음의 안개 서약 경험치를 획득할 수 있습니다.
난이도
경험치 획득량
3단계
15,000
아포칼립스 : 안티엔바이 3단계 필사의 저지가 추가됨에 따라 '상급던전 & 레기온' 항목의 경험치 페널티 기준이 변경됩니다.
패널티 수치
변경 전

[근거 5] chunk_id=DOC-02-C0267, doc_id=DOC-02, title=5/20(수) 퍼스트 서버 업데이트 안내, lines=691-705, score=0.60
광휘의 잔영 2개
계정당 주 40회
아포칼립스 : 안티엔바이 1,2단계 클리어 시 보상에 아래 물품이 추가됩니다.
아이템 명
설명
거래 타입
광휘의 잔영
NPC 켈돈 자비 상점에서 다음 아이템 구매에 사용합니다.
태초 광휘의 의지
태초 소울 1개 상자
에픽 소울 1개 상자
영롱한 조율의 추 1개 상자
광휘의 잔영 1개 상자 (계정귀속)
교환불가
편의성 개선

[근거 6] chunk_id=DOC-02-C0192, doc_id=DOC-02, title=5/20(수) 퍼스트 서버 업데이트 안내, lines=466-480, score=0.59
- 잔향의 안개 결정 (에픽)
교환불가
아포칼립스 : 안티엔바이 3단계 필사의 저지 클리어 시 정해진 확률에 따라 다음의 아이템을 획득할 수 있습니다.
아이템 명
설명
거래 타입
레어 장비
무기 타입 별 1종
방어구, 악세서리, 특수장비 부위 별 1종
교환불가
유니크 장비
무기 타입 별 1종
방어구, 악세서리, 특수장비 부위 별 12종
교환불가
레전더리 장비

[근거 7] chunk_id=DOC-02-C0138, doc_id=DOC-02, title=5/20(수) 퍼스트 서버 업데이트 안내, lines=304-318, score=0.58
- 대상 수집 항목은 다음과 같습니다.
ㄴ 마지막 불의 숨결
ㄴ 안개의 신, 무
ㄴ 풀려난 재앙
ㄴ 역병의 탄생
아라드 오디세이 보상 물품 내 '앵커' 타입 무기가 추가됩니다.
아포칼립스 3단계 - 필사의 저지
< 아포칼립스 : 안티엔바이 > 3단계 난이도 '필사의 저지'가 추가됩니다.
기본 아포칼립스
기본 아포칼립스 콘텐츠에 대한 사항은
아포칼립스 콘텐츠 공지
에서 확인이 가능합니다.
필사의 저지
난이도 선택
파티장이 NPC '켈돈 자비'를 통해 '아포칼립스 시작'하면, 던전 입장 전 난이도 선택 화면이 출력됩니다.

[근거 8] chunk_id=DOC-02-C0171, doc_id=DOC-02, title=5/20(수) 퍼스트 서버 업데이트 안내, lines=403-417, score=0.58
아포칼립스 : 안티엔바이 3단계 필사의 저지 보상
아포칼립스 : 안티엔바이 3단계 필사의 저지 클리어 보상
아포칼립스 : 안티엔바이 3단계 필사의 저지 클리어 시 확정적으로 다음의 아이템을 획득할 수 있습니다.
아이템 명
설명
거래 타입
빛의 실마리
NPC 켈돈 자비를 통해 아래 기능을 이용할 수 있습니다.
서약 업그레이드 - 묵언의 진의
교환불가
찬란한 빛의 실마리(계정귀속)
빛의 실마리를 구매하는 데 사용합니다.
계정귀속
안개의 소명
NPC 켈돈 자비 상점에서 다음 아이템 구매에 사용합니다.",,,,,"아포칼립스 : 안티엔바이 1, 2단계 클리어 시 획득할 수 있는 주요 재화는 다음과 같습니다.  
- 광휘의 잔영 (NPC 켈돈 자비 상점에서 다음 아이템 구매에 사용)  
- 태초 광휘의 의지  
- 태초 소울 1개 상자  
- 에픽 소울 1개 상자  
- 영롱한 조율의 추 1개 상자  
- 광휘의 잔영 1개 상자 (계정귀속, 교환불가)",6.288,success,
Q002,DOC-01,fact,easy,태초 광휘의 의지는 광휘의 잔영 몇 개로 구매할 수 있고 구매 제한은 어떻게 되는가?,"태초 광휘의 의지는 광휘의 잔영 790개로 구매할 수 있으며, 계정당 1회 구매 제한이 있다.",태초 광휘의 의지 / 광휘의 잔영 790개 / 계정당 1회,가격과 계정 제한을 정확히 답한다.,qwen3:4b-instruct-2507-q4_K_M,bge-m3,BAAI/bge-m3,DOC-01-C0009|DOC-02-C0256|DOC-01-C0010|DOC-02-C0257|DOC-01-C0007|DOC-02-C0266|DOC-01-C0011|DOC-02-C0258,DOC-01|DOC-02,0.753|0.742|0.737|0.737|0.711|0.678|0.678|0.678,"[근거 1] chunk_id=DOC-01-C0009, doc_id=DOC-01, title=5/28(목) 정기점검 업데이트 안내, lines=25-39, score=0.75
거래타입
판매 가격
구매 제한
태초 광휘의 의지
사용 시 무기고에 등록된 태초 서약을 제외한 태초 서약 중 1종을 균등한 확률로 획득할 수 있습니다.
등장 가능한 서약을 모두 획득한 경우, 그리운 안개의 기억이 등장합니다.
계정귀속
광휘의 잔영 790개
계정당 1회
태초 소울 1개 상자
사용 시 태초 소울 1개를 획득할 수 있습니다.
<구매 가능 횟수>
- 월 4회
남은 구매 횟수는 최대 4회까지 다음달로 이월되어 적용됩니다.
교환불가

[근거 2] chunk_id=DOC-02-C0256, doc_id=DOC-02, title=5/20(수) 퍼스트 서버 업데이트 안내, lines=658-672, score=0.74
거래 타입
판매 가격
구매제한
태초 광휘의 의지
사용 시 무기고에 등록된 태초 서약을 제외한 태초 서약 중 1종을 균등한 확률로 획득할 수 있습니다.
등장 가능한 서약을 모두 획득한 경우, 그리운 안개의 기억이 등장합니다.
계정귀속
광휘의 잔영 790개
계정당 1회
태초 소울 1개 상자
사용 시 태초 소울 1개를 획득할 수 있습니다.
<구매 가능 횟수>
- 월 4회
남은 구매 횟수는 최대 4회까지 다음달로 이월되어 적용됩니다.
교환불가

[근거 3] chunk_id=DOC-01-C0010, doc_id=DOC-01, title=5/28(목) 정기점검 업데이트 안내, lines=28-42, score=0.74
태초 광휘의 의지
사용 시 무기고에 등록된 태초 서약을 제외한 태초 서약 중 1종을 균등한 확률로 획득할 수 있습니다.
등장 가능한 서약을 모두 획득한 경우, 그리운 안개의 기억이 등장합니다.
계정귀속
광휘의 잔영 790개
계정당 1회
태초 소울 1개 상자
사용 시 태초 소울 1개를 획득할 수 있습니다.
<구매 가능 횟수>
- 월 4회
남은 구매 횟수는 최대 4회까지 다음달로 이월되어 적용됩니다.
교환불가
광휘의 잔영 120개
계정당 월 4회
에픽 소울 1개 상자

[근거 4] chunk_id=DOC-02-C0257, doc_id=DOC-02, title=5/20(수) 퍼스트 서버 업데이트 안내, lines=661-675, score=0.74
태초 광휘의 의지
사용 시 무기고에 등록된 태초 서약을 제외한 태초 서약 중 1종을 균등한 확률로 획득할 수 있습니다.
등장 가능한 서약을 모두 획득한 경우, 그리운 안개의 기억이 등장합니다.
계정귀속
광휘의 잔영 790개
계정당 1회
태초 소울 1개 상자
사용 시 태초 소울 1개를 획득할 수 있습니다.
<구매 가능 횟수>
- 월 4회
남은 구매 횟수는 최대 4회까지 다음달로 이월되어 적용됩니다.
교환불가
광휘의 잔영 120개
계정당 월 4회
에픽 소울 1개 상자

[근거 5] chunk_id=DOC-01-C0007, doc_id=DOC-01, title=5/28(목) 정기점검 업데이트 안내, lines=19-33, score=0.71
광휘의 잔영 1개 상자 (계정귀속)
교환불가
NPC 상점
지역 NPC 켈돈 자비 상점에 아이템이 추가됩니다.
신규 판매 물품
설명
거래타입
판매 가격
구매 제한
태초 광휘의 의지
사용 시 무기고에 등록된 태초 서약을 제외한 태초 서약 중 1종을 균등한 확률로 획득할 수 있습니다.
등장 가능한 서약을 모두 획득한 경우, 그리운 안개의 기억이 등장합니다.
계정귀속
광휘의 잔영 790개
계정당 1회

[근거 6] chunk_id=DOC-02-C0266, doc_id=DOC-02, title=5/20(수) 퍼스트 서버 업데이트 안내, lines=688-702, score=0.68
광휘의 잔영 1개 상자 (계정귀속)
사용 시 광휘의 잔영 1개를 획득할 수 있습니다.
계정귀속
광휘의 잔영 2개
계정당 주 40회
아포칼립스 : 안티엔바이 1,2단계 클리어 시 보상에 아래 물품이 추가됩니다.
아이템 명
설명
거래 타입
광휘의 잔영
NPC 켈돈 자비 상점에서 다음 아이템 구매에 사용합니다.
태초 광휘의 의지
태초 소울 1개 상자
에픽 소울 1개 상자
영롱한 조율의 추 1개 상자

[근거 7] chunk_id=DOC-01-C0011, doc_id=DOC-01, title=5/28(목) 정기점검 업데이트 안내, lines=31-45, score=0.68
계정귀속
광휘의 잔영 790개
계정당 1회
태초 소울 1개 상자
사용 시 태초 소울 1개를 획득할 수 있습니다.
<구매 가능 횟수>
- 월 4회
남은 구매 횟수는 최대 4회까지 다음달로 이월되어 적용됩니다.
교환불가
광휘의 잔영 120개
계정당 월 4회
에픽 소울 1개 상자
사용 시 에픽 소울 1개를 획득할 수 있습니다.
<구매 가능 횟수>
- 월 15회

[근거 8] chunk_id=DOC-02-C0258, doc_id=DOC-02, title=5/20(수) 퍼스트 서버 업데이트 안내, lines=664-678, score=0.68
계정귀속
광휘의 잔영 790개
계정당 1회
태초 소울 1개 상자
사용 시 태초 소울 1개를 획득할 수 있습니다.
<구매 가능 횟수>
- 월 4회
남은 구매 횟수는 최대 4회까지 다음달로 이월되어 적용됩니다.
교환불가
광휘의 잔영 120개
계정당 월 4회
에픽 소울 1개 상자
사용 시 에픽 소울 1개를 획득할 수 있습니다.
<구매 가능 횟수>
- 월 15회",,,,,태초 광휘의 의지는 광휘의 잔영 790개로 구매할 수 있습니다. 구매 제한은 계정당 1회입니다.,3.868,success,
Q003,DOC-01,fact,easy,태초 소울 1개 상자의 월 구매 제한과 가격은 무엇인가?,"태초 소울 1개 상자는 광휘의 잔영 120개로 구매할 수 있고, 계정당 월 4회 구매 가능하다.",태초 소울 1개 상자 / 광휘의 잔영 120개 / 계정당 월 4회,월 제한과 가격을 모두 포함한다.,qwen3:4b-instruct-2507-q4_K_M,bge-m3,BAAI/bge-m3,DOC-01-C0012|DOC-02-C0259|DOC-01-C0009|DOC-02-C0256|DOC-01-C0011|DOC-02-C0258|DOC-01-C0006|DOC-01-C0010,DOC-01|DOC-02,0.710|0.710|0.684|0.678|0.672|0.672|0.637|0.636,"[근거 1] chunk_id=DOC-01-C0012, doc_id=DOC-01, title=5/28(목) 정기점검 업데이트 안내, lines=34-48, score=0.71
태초 소울 1개 상자
사용 시 태초 소울 1개를 획득할 수 있습니다.
<구매 가능 횟수>
- 월 4회
남은 구매 횟수는 최대 4회까지 다음달로 이월되어 적용됩니다.
교환불가
광휘의 잔영 120개
계정당 월 4회
에픽 소울 1개 상자
사용 시 에픽 소울 1개를 획득할 수 있습니다.
<구매 가능 횟수>
- 월 15회
남은 구매 횟수는 최대 15회까지 다음달로 이월되어 적용됩니다.
교환불가
광휘의 잔영 8개

[근거 2] chunk_id=DOC-02-C0259, doc_id=DOC-02, title=5/20(수) 퍼스트 서버 업데이트 안내, lines=667-681, score=0.71
태초 소울 1개 상자
사용 시 태초 소울 1개를 획득할 수 있습니다.
<구매 가능 횟수>
- 월 4회
남은 구매 횟수는 최대 4회까지 다음달로 이월되어 적용됩니다.
교환불가
광휘의 잔영 120개
계정당 월 4회
에픽 소울 1개 상자
사용 시 에픽 소울 1개를 획득할 수 있습니다.
<구매 가능 횟수>
- 월 15회
남은 구매 횟수는 최대 15회까지 다음달로 이월되어 적용됩니다.
교환불가
광휘의 잔영 8개

[근거 3] chunk_id=DOC-01-C0009, doc_id=DOC-01, title=5/28(목) 정기점검 업데이트 안내, lines=25-39, score=0.68
거래타입
판매 가격
구매 제한
태초 광휘의 의지
사용 시 무기고에 등록된 태초 서약을 제외한 태초 서약 중 1종을 균등한 확률로 획득할 수 있습니다.
등장 가능한 서약을 모두 획득한 경우, 그리운 안개의 기억이 등장합니다.
계정귀속
광휘의 잔영 790개
계정당 1회
태초 소울 1개 상자
사용 시 태초 소울 1개를 획득할 수 있습니다.
<구매 가능 횟수>
- 월 4회
남은 구매 횟수는 최대 4회까지 다음달로 이월되어 적용됩니다.
교환불가

[근거 4] chunk_id=DOC-02-C0256, doc_id=DOC-02, title=5/20(수) 퍼스트 서버 업데이트 안내, lines=658-672, score=0.68
거래 타입
판매 가격
구매제한
태초 광휘의 의지
사용 시 무기고에 등록된 태초 서약을 제외한 태초 서약 중 1종을 균등한 확률로 획득할 수 있습니다.
등장 가능한 서약을 모두 획득한 경우, 그리운 안개의 기억이 등장합니다.
계정귀속
광휘의 잔영 790개
계정당 1회
태초 소울 1개 상자
사용 시 태초 소울 1개를 획득할 수 있습니다.
<구매 가능 횟수>
- 월 4회
남은 구매 횟수는 최대 4회까지 다음달로 이월되어 적용됩니다.
교환불가

[근거 5] chunk_id=DOC-01-C0011, doc_id=DOC-01, title=5/28(목) 정기점검 업데이트 안내, lines=31-45, score=0.67
계정귀속
광휘의 잔영 790개
계정당 1회
태초 소울 1개 상자
사용 시 태초 소울 1개를 획득할 수 있습니다.
<구매 가능 횟수>
- 월 4회
남은 구매 횟수는 최대 4회까지 다음달로 이월되어 적용됩니다.
교환불가
광휘의 잔영 120개
계정당 월 4회
에픽 소울 1개 상자
사용 시 에픽 소울 1개를 획득할 수 있습니다.
<구매 가능 횟수>
- 월 15회

[근거 6] chunk_id=DOC-02-C0258, doc_id=DOC-02, title=5/20(수) 퍼스트 서버 업데이트 안내, lines=664-678, score=0.67
계정귀속
광휘의 잔영 790개
계정당 1회
태초 소울 1개 상자
사용 시 태초 소울 1개를 획득할 수 있습니다.
<구매 가능 횟수>
- 월 4회
남은 구매 횟수는 최대 4회까지 다음달로 이월되어 적용됩니다.
교환불가
광휘의 잔영 120개
계정당 월 4회
에픽 소울 1개 상자
사용 시 에픽 소울 1개를 획득할 수 있습니다.
<구매 가능 횟수>
- 월 15회

[근거 7] chunk_id=DOC-01-C0006, doc_id=DOC-01, title=5/28(목) 정기점검 업데이트 안내, lines=16-30, score=0.64
태초 소울 1개 상자
에픽 소울 1개 상자
영롱한 조율의 추 1개 상자
광휘의 잔영 1개 상자 (계정귀속)
교환불가
NPC 상점
지역 NPC 켈돈 자비 상점에 아이템이 추가됩니다.
신규 판매 물품
설명
거래타입
판매 가격
구매 제한
태초 광휘의 의지
사용 시 무기고에 등록된 태초 서약을 제외한 태초 서약 중 1종을 균등한 확률로 획득할 수 있습니다.
등장 가능한 서약을 모두 획득한 경우, 그리운 안개의 기억이 등장합니다.

[근거 8] chunk_id=DOC-01-C0010, doc_id=DOC-01, title=5/28(목) 정기점검 업데이트 안내, lines=28-42, score=0.64
태초 광휘의 의지
사용 시 무기고에 등록된 태초 서약을 제외한 태초 서약 중 1종을 균등한 확률로 획득할 수 있습니다.
등장 가능한 서약을 모두 획득한 경우, 그리운 안개의 기억이 등장합니다.
계정귀속
광휘의 잔영 790개
계정당 1회
태초 소울 1개 상자
사용 시 태초 소울 1개를 획득할 수 있습니다.
<구매 가능 횟수>
- 월 4회
남은 구매 횟수는 최대 4회까지 다음달로 이월되어 적용됩니다.
교환불가
광휘의 잔영 120개
계정당 월 4회
에픽 소울 1개 상자",,,,,"- 월 구매 제한: 월 4회  
- 남은 구매 횟수는 최대 4회까지 다음달로 이월되어 적용됩니다.  
- 교환 불가",4.074,success,
Q004,DOC-01,condition,medium,에픽 소울 1개 상자의 남은 구매 횟수는 다음 달로 이월되는가?,이월된다. 남은 구매 횟수는 최대 15회까지 다음 달로 이월되어 적용된다.,에픽 소울 1개 상자 / 월 15회 / 남은 구매 횟수는 최대 15회까지 다음달로 이월되어 적용됩니다.,이월 가능 여부와 최대 이월 횟수를 답한다.,qwen3:4b-instruct-2507-q4_K_M,bge-m3,BAAI/bge-m3,DOC-01-C0013|DOC-02-C0260|DOC-01-C0014|DOC-02-C0261|DOC-01-C0012|DOC-02-C0259|DOC-02-C0262|DOC-01-C0015,DOC-01|DOC-02,0.747|0.747|0.713|0.713|0.705|0.705|0.701|0.701,"[근거 1] chunk_id=DOC-01-C0013, doc_id=DOC-01, title=5/28(목) 정기점검 업데이트 안내, lines=37-51, score=0.75
- 월 4회
남은 구매 횟수는 최대 4회까지 다음달로 이월되어 적용됩니다.
교환불가
광휘의 잔영 120개
계정당 월 4회
에픽 소울 1개 상자
사용 시 에픽 소울 1개를 획득할 수 있습니다.
<구매 가능 횟수>
- 월 15회
남은 구매 횟수는 최대 15회까지 다음달로 이월되어 적용됩니다.
교환불가
광휘의 잔영 8개
계정당 월 15회
영롱한 조율의 추 1개 상자
사용 시 영롱한 조율의 추 1개를 획득할 수 있습니다.

[근거 2] chunk_id=DOC-02-C0260, doc_id=DOC-02, title=5/20(수) 퍼스트 서버 업데이트 안내, lines=670-684, score=0.75
- 월 4회
남은 구매 횟수는 최대 4회까지 다음달로 이월되어 적용됩니다.
교환불가
광휘의 잔영 120개
계정당 월 4회
에픽 소울 1개 상자
사용 시 에픽 소울 1개를 획득할 수 있습니다.
<구매 가능 횟수>
- 월 15회
남은 구매 횟수는 최대 15회까지 다음달로 이월되어 적용됩니다.
교환불가
광휘의 잔영 8개
계정당 월 15회
영롱한 조율의 추 1개 상자
사용 시 영롱한 조율의 추 1개를 획득할 수 있습니다.

[근거 3] chunk_id=DOC-01-C0014, doc_id=DOC-01, title=5/28(목) 정기점검 업데이트 안내, lines=40-54, score=0.71
광휘의 잔영 120개
계정당 월 4회
에픽 소울 1개 상자
사용 시 에픽 소울 1개를 획득할 수 있습니다.
<구매 가능 횟수>
- 월 15회
남은 구매 횟수는 최대 15회까지 다음달로 이월되어 적용됩니다.
교환불가
광휘의 잔영 8개
계정당 월 15회
영롱한 조율의 추 1개 상자
사용 시 영롱한 조율의 추 1개를 획득할 수 있습니다.
교환불가
광휘의 잔영 360개
계정당 월 4회

[근거 4] chunk_id=DOC-02-C0261, doc_id=DOC-02, title=5/20(수) 퍼스트 서버 업데이트 안내, lines=673-687, score=0.71
광휘의 잔영 120개
계정당 월 4회
에픽 소울 1개 상자
사용 시 에픽 소울 1개를 획득할 수 있습니다.
<구매 가능 횟수>
- 월 15회
남은 구매 횟수는 최대 15회까지 다음달로 이월되어 적용됩니다.
교환불가
광휘의 잔영 8개
계정당 월 15회
영롱한 조율의 추 1개 상자
사용 시 영롱한 조율의 추 1개를 획득할 수 있습니다.
교환불가
광휘의 잔영 360개
계정당 월 4회

[근거 5] chunk_id=DOC-01-C0012, doc_id=DOC-01, title=5/28(목) 정기점검 업데이트 안내, lines=34-48, score=0.71
태초 소울 1개 상자
사용 시 태초 소울 1개를 획득할 수 있습니다.
<구매 가능 횟수>
- 월 4회
남은 구매 횟수는 최대 4회까지 다음달로 이월되어 적용됩니다.
교환불가
광휘의 잔영 120개
계정당 월 4회
에픽 소울 1개 상자
사용 시 에픽 소울 1개를 획득할 수 있습니다.
<구매 가능 횟수>
- 월 15회
남은 구매 횟수는 최대 15회까지 다음달로 이월되어 적용됩니다.
교환불가
광휘의 잔영 8개

[근거 6] chunk_id=DOC-02-C0259, doc_id=DOC-02, title=5/20(수) 퍼스트 서버 업데이트 안내, lines=667-681, score=0.71
태초 소울 1개 상자
사용 시 태초 소울 1개를 획득할 수 있습니다.
<구매 가능 횟수>
- 월 4회
남은 구매 횟수는 최대 4회까지 다음달로 이월되어 적용됩니다.
교환불가
광휘의 잔영 120개
계정당 월 4회
에픽 소울 1개 상자
사용 시 에픽 소울 1개를 획득할 수 있습니다.
<구매 가능 횟수>
- 월 15회
남은 구매 횟수는 최대 15회까지 다음달로 이월되어 적용됩니다.
교환불가
광휘의 잔영 8개

[근거 7] chunk_id=DOC-02-C0262, doc_id=DOC-02, title=5/20(수) 퍼스트 서버 업데이트 안내, lines=676-690, score=0.70
사용 시 에픽 소울 1개를 획득할 수 있습니다.
<구매 가능 횟수>
- 월 15회
남은 구매 횟수는 최대 15회까지 다음달로 이월되어 적용됩니다.
교환불가
광휘의 잔영 8개
계정당 월 15회
영롱한 조율의 추 1개 상자
사용 시 영롱한 조율의 추 1개를 획득할 수 있습니다.
교환불가
광휘의 잔영 360개
계정당 월 4회
광휘의 잔영 1개 상자 (계정귀속)
사용 시 광휘의 잔영 1개를 획득할 수 있습니다.
계정귀속

[근거 8] chunk_id=DOC-01-C0015, doc_id=DOC-01, title=5/28(목) 정기점검 업데이트 안내, lines=43-57, score=0.70
사용 시 에픽 소울 1개를 획득할 수 있습니다.
<구매 가능 횟수>
- 월 15회
남은 구매 횟수는 최대 15회까지 다음달로 이월되어 적용됩니다.
교환불가
광휘의 잔영 8개
계정당 월 15회
영롱한 조율의 추 1개 상자
사용 시 영롱한 조율의 추 1개를 획득할 수 있습니다.
교환불가
광휘의 잔영 360개
계정당 월 4회
광휘의 잔영 1개 상자 (계정귀속)
사용 시 광휘의 잔영 1개를 획득할 수 있습니다.
계정귀속",,,,,"예, 에픽 소울 1개 상자의 남은 구매 횟수는 최대 15회까지 다음 달로 이월되어 적용됩니다.  
- 구매 가능 횟수: 월 15회  
- 남은 구매 횟수 이월 제한: 최대 15회까지 다음달로 이월  
- 교환 불가  
- 적용 대상: 계정당 월 15회",4.812,success,
Q005,DOC-02,fact,easy,5/20 퍼스트 서버 업데이트에서 추가된 신규 캐릭터는 누구인가?,신규 캐릭터 제국기사가 추가되었다.,신규 캐릭터 - 제국기사 / 신규 캐릭터 제국기사가 추가됩니다.,신규 캐릭터명을 정확히 답한다.,qwen3:4b-instruct-2507-q4_K_M,bge-m3,BAAI/bge-m3,DOC-02-C0037|DOC-02-C0039|DOC-02-C0038|DOC-05-C0633|DOC-05-C0634|DOC-05-C0635|DOC-02-C0040|DOC-03-C0319,DOC-02|DOC-05|DOC-03,0.707|0.690|0.684|0.624|0.619|0.617|0.598|0.557,"[근거 1] chunk_id=DOC-02-C0037, doc_id=DOC-02, title=5/20(수) 퍼스트 서버 업데이트 안내, lines=1-15, score=0.71
# 5/20(수) 퍼스트 서버 업데이트 안내
- doc_id: DOC-02
- doc_type: first_server
- category: 퍼스트서버
- posted_date: 2026.05.20
- source_url: https://df.nexon.com/community/news/update/2927399?categoryType=0
- fetched_at: 2026-05-27T22:36:01
5월 20일 오후 3시부터 퍼스트 서버가 오픈됩니다.
금일 적용되는 업데이트 내용은 아래와 같으며, 관련 내용은 라이브 서버 업데이트 시 변경될 수 있습니다.
일부 내용은 라이브 서버에서 바로 업데이트 될 예정으로 양해 부탁 드립니다.
아래의 공지와 다른 내용을 발견하시면 퍼스트 서버 게시판을 통하여 알려주시면 감사하겠습니다.
신규 캐릭터 - 제국기사
신규 캐릭터 제국기사가 추가됩니다.
제국기사
1레벨 - 레이즈 어퍼컷

[근거 2] chunk_id=DOC-02-C0039, doc_id=DOC-02, title=5/20(수) 퍼스트 서버 업데이트 안내, lines=7-21, score=0.69
- fetched_at: 2026-05-27T22:36:01
5월 20일 오후 3시부터 퍼스트 서버가 오픈됩니다.
금일 적용되는 업데이트 내용은 아래와 같으며, 관련 내용은 라이브 서버 업데이트 시 변경될 수 있습니다.
일부 내용은 라이브 서버에서 바로 업데이트 될 예정으로 양해 부탁 드립니다.
아래의 공지와 다른 내용을 발견하시면 퍼스트 서버 게시판을 통하여 알려주시면 감사하겠습니다.
신규 캐릭터 - 제국기사
신규 캐릭터 제국기사가 추가됩니다.
제국기사
1레벨 - 레이즈 어퍼컷
- 장비한 무기를 바닥에서부터 힘차게 쓸어 올려, 타격된 적을 공중에 띄웁니다.
5레벨 - 포인트 쓰러스트
- 전방으로 신속하게 돌진하여 적의 급소를 타격한 후 내려벱니다.
10레벨 - 퀵 바이섹션
- 절도 있는 동작으로 전방의 적을 내려벱니다.
브레이커

[근거 3] chunk_id=DOC-02-C0038, doc_id=DOC-02, title=5/20(수) 퍼스트 서버 업데이트 안내, lines=4-18, score=0.68
- category: 퍼스트서버
- posted_date: 2026.05.20
- source_url: https://df.nexon.com/community/news/update/2927399?categoryType=0
- fetched_at: 2026-05-27T22:36:01
5월 20일 오후 3시부터 퍼스트 서버가 오픈됩니다.
금일 적용되는 업데이트 내용은 아래와 같으며, 관련 내용은 라이브 서버 업데이트 시 변경될 수 있습니다.
일부 내용은 라이브 서버에서 바로 업데이트 될 예정으로 양해 부탁 드립니다.
아래의 공지와 다른 내용을 발견하시면 퍼스트 서버 게시판을 통하여 알려주시면 감사하겠습니다.
신규 캐릭터 - 제국기사
신규 캐릭터 제국기사가 추가됩니다.
제국기사
1레벨 - 레이즈 어퍼컷
- 장비한 무기를 바닥에서부터 힘차게 쓸어 올려, 타격된 적을 공중에 띄웁니다.
5레벨 - 포인트 쓰러스트
- 전방으로 신속하게 돌진하여 적의 급소를 타격한 후 내려벱니다.

[근거 4] chunk_id=DOC-05-C0633, doc_id=DOC-05, title=5/6(수) 퍼스트 서버 업데이트 안내, lines=1-15, score=0.62
# 5/6(수) 퍼스트 서버 업데이트 안내
- doc_id: DOC-05
- doc_type: first_server
- category: 퍼스트서버
- posted_date: 2026.05.06
- source_url: https://df.nexon.com/community/news/update/2927233?categoryType=0
- fetched_at: 2026-05-27T22:36:01
5월 6일 오후 3시부터 퍼스트 서버가 오픈됩니다.
금일 적용되는 업데이트 내용은 아래와 같으며, 관련 내용은 라이브 서버 업데이트 시 변경될 수 있습니다.
아래의 공지와 다른 내용을 발견하시면 퍼스트 서버 게시판을 통하여 알려주시면 감사하겠습니다.
(18:10 추가) 클론 캐릭터 생성 시 묵언의 진의 업그레이드가 복사되지 않는 현상이 수정되었습니다.
최후의 과업
<최후의 과업> 상급 던전 콘텐츠가 업데이트됩니다.
콘텐츠 입장
<최후의 과업> 채널은 모험가 명성 108,921부터 입장이 가능합니다.

[근거 5] chunk_id=DOC-05-C0634, doc_id=DOC-05, title=5/6(수) 퍼스트 서버 업데이트 안내, lines=4-18, score=0.62
- category: 퍼스트서버
- posted_date: 2026.05.06
- source_url: https://df.nexon.com/community/news/update/2927233?categoryType=0
- fetched_at: 2026-05-27T22:36:01
5월 6일 오후 3시부터 퍼스트 서버가 오픈됩니다.
금일 적용되는 업데이트 내용은 아래와 같으며, 관련 내용은 라이브 서버 업데이트 시 변경될 수 있습니다.
아래의 공지와 다른 내용을 발견하시면 퍼스트 서버 게시판을 통하여 알려주시면 감사하겠습니다.
(18:10 추가) 클론 캐릭터 생성 시 묵언의 진의 업그레이드가 복사되지 않는 현상이 수정되었습니다.
최후의 과업
<최후의 과업> 상급 던전 콘텐츠가 업데이트됩니다.
콘텐츠 입장
<최후의 과업> 채널은 모험가 명성 108,921부터 입장이 가능합니다.
<최후의 과업> 은 모든 요일에 입장 가능합니다.
<최후의 과업> 채널에서 '성화의 라미에르' NPC를 통해 콘텐츠에 입장할 수 있습니다.
'성화의 라미에르' NPC 혹은 파티 찾기 UI의 파티 생성 버튼을 통해 생성이 가능합니다.

[근거 6] chunk_id=DOC-05-C0635, doc_id=DOC-05, title=5/6(수) 퍼스트 서버 업데이트 안내, lines=7-21, score=0.62
- fetched_at: 2026-05-27T22:36:01
5월 6일 오후 3시부터 퍼스트 서버가 오픈됩니다.
금일 적용되는 업데이트 내용은 아래와 같으며, 관련 내용은 라이브 서버 업데이트 시 변경될 수 있습니다.
아래의 공지와 다른 내용을 발견하시면 퍼스트 서버 게시판을 통하여 알려주시면 감사하겠습니다.
(18:10 추가) 클론 캐릭터 생성 시 묵언의 진의 업그레이드가 복사되지 않는 현상이 수정되었습니다.
최후의 과업
<최후의 과업> 상급 던전 콘텐츠가 업데이트됩니다.
콘텐츠 입장
<최후의 과업> 채널은 모험가 명성 108,921부터 입장이 가능합니다.
<최후의 과업> 은 모든 요일에 입장 가능합니다.
<최후의 과업> 채널에서 '성화의 라미에르' NPC를 통해 콘텐츠에 입장할 수 있습니다.
'성화의 라미에르' NPC 혹은 파티 찾기 UI의 파티 생성 버튼을 통해 생성이 가능합니다.
파티 생성 / 가입 후 상단 지역으로 이동하여 '성화의 라미에르' NPC 또는 상단 포탈을 통해 콘텐츠를 시작할 수 있습니다.
콘텐츠 정보
구분

[근거 7] chunk_id=DOC-02-C0040, doc_id=DOC-02, title=5/20(수) 퍼스트 서버 업데이트 안내, lines=10-24, score=0.60
일부 내용은 라이브 서버에서 바로 업데이트 될 예정으로 양해 부탁 드립니다.
아래의 공지와 다른 내용을 발견하시면 퍼스트 서버 게시판을 통하여 알려주시면 감사하겠습니다.
신규 캐릭터 - 제국기사
신규 캐릭터 제국기사가 추가됩니다.
제국기사
1레벨 - 레이즈 어퍼컷
- 장비한 무기를 바닥에서부터 힘차게 쓸어 올려, 타격된 적을 공중에 띄웁니다.
5레벨 - 포인트 쓰러스트
- 전방으로 신속하게 돌진하여 적의 급소를 타격한 후 내려벱니다.
10레벨 - 퀵 바이섹션
- 절도 있는 동작으로 전방의 적을 내려벱니다.
브레이커
신규 캐릭터 제국기사의 첫 번째 전직 브레이커가 업데이트됩니다.
1레벨 - 방어구 마스터리
- 브레이커는 방어구 장착 시 힘, 지능, 체력, 정신력, 물리 크리티컬 히트, 물리 방어력, 히트리커버리, HP MAX, MP MAX, MP 회복 속도 보너스를 받습니다.

[근거 8] chunk_id=DOC-03-C0319, doc_id=DOC-03, title=5/21(목) 정기점검 업데이트 안내, lines=1-15, score=0.56
# 5/21(목) 정기점검 업데이트 안내
- doc_id: DOC-03
- doc_type: regular_update
- category: 일반
- posted_date: 2026.05.20
- source_url: https://df.nexon.com/community/news/update/2927392?categoryType=0
- fetched_at: 2026-05-27T22:36:01
광휘의 행로
광휘의 행로 시스템이 추가됩니다.
NPC '붉은 성화의 엘리아'의 '광휘의 행로' 메뉴를 통해 광휘의 행로를 진행할 수 있습니다.
탐사할 행로를 지정 후 순례의 인장과 빛의 출정령을 소모하여 탐사대를 파견하고, 일정 시간이 지난 후 보상을 획득할 수 있습니다.
- 명성 58,950 이상의 캐릭터로 탐사를 진행할 수 있습니다.
- 탐사는 계정 단위로 진행되며, 한 번에 하나의 탐사만 진행할 수 있습니다.
- 탐사 진행 시 접속 여부와 관계 없이 시간이 흘러갑니다.
- 매주 1회에 한해 '핀더의 정원 탐사'를 무료로 탐사할 수 있습니다.",,,,,"5/20 퍼스트 서버 업데이트에서 추가된 신규 캐릭터는 제국기사입니다.  
- 신규 캐릭터 제국기사의 첫 번째 전직 브레이커가 업데이트됩니다.  
- 브레이커 1레벨: 방어구 마스터리 (힘, 지능, 체력, 정신력, 물리 크리티컬 히트, 물리 방어력, 히트리커버리, HP MAX, MP MAX, MP 회복 속도 보너스를 받음)",6.137,success,
Q006,DOC-02,fact,easy,브레이커는 어떤 캐릭터의 몇 번째 전직인가?,브레이커는 신규 캐릭터 제국기사의 첫 번째 전직이다.,브레이커 / 신규 캐릭터 제국기사의 첫 번째 전직 브레이커가 업데이트됩니다.,전직 관계를 명확히 답한다.,qwen3:4b-instruct-2507-q4_K_M,bge-m3,BAAI/bge-m3,DOC-02-C0052|DOC-02-C0044|DOC-02-C0043|DOC-02-C0042|DOC-02-C0053|DOC-02-C0076|DOC-02-C0057|DOC-02-C0050,DOC-02,0.547|0.542|0.542|0.540|0.532|0.527|0.527|0.523,"[근거 1] chunk_id=DOC-02-C0052, doc_id=DOC-02, title=5/20(수) 퍼스트 서버 업데이트 안내, lines=46-60, score=0.55
20레벨 - 어베스트
- 브레이커가 제국의 적들에게 정지 명령을 내리며, 공무 집행을 준비합니다.
- 버프 스킬로, 기본 공격 및 전직 계열 스킬의 공격력이 증가합니다.
20레벨 - 선체 파괴
- 전방으로 높이 도약한 후 지면을 내려찍습니다.
- 공중에서도 시전할 수 있습니다.
25레벨 - 스위핑 스트라이크
- 앵커로 전방을 넓게 쓸어 타격된 적들을 한 곳에 모읍니다.
- 앵커가 쓸고 지나간 자리에는 돌풍이 휘몰아쳐 범위 내의 적들에게 다단히트 데미지를 줍니다.
30레벨 - 백병전 전문가
- 패시브 스킬로, 기본 공격 및 전직 계열 스킬의 공격력과 적중률이 증가합니다.
30레벨 - 타이드 피어서
- 전방으로 강렬한 찌르기 공격을 가합니다. 타격된 적들은 브레이커의 전방으로 끌려옵니다.
- 스킬 키 지속 입력 시, 지속 입력한 시간에 비례해 이동 거리와 공격 범위가 증가합니다.
30레벨 - 딥 워터 콜

[근거 2] chunk_id=DOC-02-C0044, doc_id=DOC-02, title=5/20(수) 퍼스트 서버 업데이트 안내, lines=22-36, score=0.54
신규 캐릭터 제국기사의 첫 번째 전직 브레이커가 업데이트됩니다.
1레벨 - 방어구 마스터리
- 브레이커는 방어구 장착 시 힘, 지능, 체력, 정신력, 물리 크리티컬 히트, 물리 방어력, 히트리커버리, HP MAX, MP MAX, MP 회복 속도 보너스를 받습니다.
1레벨 - 덱 브레이커
- 패시브 스킬로, 기본 공격 및 전직 계열 스킬 공격력이 증가하며 각성기를 제외한 전직 계열 스킬 쿨타임이 감소합니다.
1레벨 - 와이드 클리브
- 앵커를 넓게 휘둘러 전방의 적을 타격합니다.
5레벨 - 캐넌 킥
- 브레이커가 몸을 던져 전방으로 날아차기를 시전합니다.
- 공중에서도 시전할 수 있으며, 시전 중 받는 데미지가 감소합니다.
10레벨 - 러프 보딩
- 전방으로 무식하게 돌진하여 돌진 중 몸에 닿는 적들을 날려버립니다.
- 스킬 키 지속 입력을 통해 돌진 상태를 유지할 수 있습니다.
- 돌진 중 일부 스킬의 선딜레이를 캔슬하여 연계 시전할 수 있으며, 시전 중 받는 데미지가 감소합니다.
15레벨 - 노 쿼터

[근거 3] chunk_id=DOC-02-C0043, doc_id=DOC-02, title=5/20(수) 퍼스트 서버 업데이트 안내, lines=19-33, score=0.54
10레벨 - 퀵 바이섹션
- 절도 있는 동작으로 전방의 적을 내려벱니다.
브레이커
신규 캐릭터 제국기사의 첫 번째 전직 브레이커가 업데이트됩니다.
1레벨 - 방어구 마스터리
- 브레이커는 방어구 장착 시 힘, 지능, 체력, 정신력, 물리 크리티컬 히트, 물리 방어력, 히트리커버리, HP MAX, MP MAX, MP 회복 속도 보너스를 받습니다.
1레벨 - 덱 브레이커
- 패시브 스킬로, 기본 공격 및 전직 계열 스킬 공격력이 증가하며 각성기를 제외한 전직 계열 스킬 쿨타임이 감소합니다.
1레벨 - 와이드 클리브
- 앵커를 넓게 휘둘러 전방의 적을 타격합니다.
5레벨 - 캐넌 킥
- 브레이커가 몸을 던져 전방으로 날아차기를 시전합니다.
- 공중에서도 시전할 수 있으며, 시전 중 받는 데미지가 감소합니다.
10레벨 - 러프 보딩
- 전방으로 무식하게 돌진하여 돌진 중 몸에 닿는 적들을 날려버립니다.

[근거 4] chunk_id=DOC-02-C0042, doc_id=DOC-02, title=5/20(수) 퍼스트 서버 업데이트 안내, lines=16-30, score=0.54
- 장비한 무기를 바닥에서부터 힘차게 쓸어 올려, 타격된 적을 공중에 띄웁니다.
5레벨 - 포인트 쓰러스트
- 전방으로 신속하게 돌진하여 적의 급소를 타격한 후 내려벱니다.
10레벨 - 퀵 바이섹션
- 절도 있는 동작으로 전방의 적을 내려벱니다.
브레이커
신규 캐릭터 제국기사의 첫 번째 전직 브레이커가 업데이트됩니다.
1레벨 - 방어구 마스터리
- 브레이커는 방어구 장착 시 힘, 지능, 체력, 정신력, 물리 크리티컬 히트, 물리 방어력, 히트리커버리, HP MAX, MP MAX, MP 회복 속도 보너스를 받습니다.
1레벨 - 덱 브레이커
- 패시브 스킬로, 기본 공격 및 전직 계열 스킬 공격력이 증가하며 각성기를 제외한 전직 계열 스킬 쿨타임이 감소합니다.
1레벨 - 와이드 클리브
- 앵커를 넓게 휘둘러 전방의 적을 타격합니다.
5레벨 - 캐넌 킥
- 브레이커가 몸을 던져 전방으로 날아차기를 시전합니다.

[근거 5] chunk_id=DOC-02-C0053, doc_id=DOC-02, title=5/20(수) 퍼스트 서버 업데이트 안내, lines=49-63, score=0.53
20레벨 - 선체 파괴
- 전방으로 높이 도약한 후 지면을 내려찍습니다.
- 공중에서도 시전할 수 있습니다.
25레벨 - 스위핑 스트라이크
- 앵커로 전방을 넓게 쓸어 타격된 적들을 한 곳에 모읍니다.
- 앵커가 쓸고 지나간 자리에는 돌풍이 휘몰아쳐 범위 내의 적들에게 다단히트 데미지를 줍니다.
30레벨 - 백병전 전문가
- 패시브 스킬로, 기본 공격 및 전직 계열 스킬의 공격력과 적중률이 증가합니다.
30레벨 - 타이드 피어서
- 전방으로 강렬한 찌르기 공격을 가합니다. 타격된 적들은 브레이커의 전방으로 끌려옵니다.
- 스킬 키 지속 입력 시, 지속 입력한 시간에 비례해 이동 거리와 공격 범위가 증가합니다.
30레벨 - 딥 워터 콜
- 브레이커가 해상 전투에 도움이 될 만한 물건을 골라 전방에 떨어뜨립니다.
- 해당 물건은 이후 브레이커가 타격을 가하면 폭발하여 주변의 적들에게 데미지를 줍니다.
- 브레이커가 다른 행동 중일 때 시전하면 별도의 시전 모션 없이 스킬을 사용할 수 있습니다.

[근거 6] chunk_id=DOC-02-C0076, doc_id=DOC-02, title=5/20(수) 퍼스트 서버 업데이트 안내, lines=118-132, score=0.53
아이템
신규 전직 제국기사, 신규 직업 브레이커 추가에 따라 퀘스트 및 미션, 던전 보상, NPC 상점에 관련 보상 장비가 추가됩니다.
시나리오
신규 캐릭터 제국기사의 튜토리얼 던전이 추가됩니다.
기존 액트 퀘스트에 제국기사 및 브레이커 전용 대사가 추가됩니다.
신규 전직 브레이커의 모험가 스토리가 추가됩니다.
인파이터(여)
프리스트(여)의 다섯 번째 전직 인파이터(여)가 업데이트됩니다.
1레벨 - 방어구 마스터리
- 인파이터(여)는 방어구 장착 시 힘, 체력, 정신력, 물리 크리티컬 히트, 물리 방어력, 히트리커버리, MP MAX, MP 회복 속도 보너스를 받습니다.
1레벨 - 어퍼컷
- 주먹으로 올려칩니다.
- 발동 순간 슈퍼아머 판정이 있습니다.
- 후딜레이를 캔슬하여 다른 스킬을 발동할 수 있습니다. 위빙은 언제든 캔슬하여 발동할 수 있습니다.
1레벨 - 세컨드 어퍼

[근거 7] chunk_id=DOC-02-C0057, doc_id=DOC-02, title=5/20(수) 퍼스트 서버 업데이트 안내, lines=61-75, score=0.53
- 브레이커가 해상 전투에 도움이 될 만한 물건을 골라 전방에 떨어뜨립니다.
- 해당 물건은 이후 브레이커가 타격을 가하면 폭발하여 주변의 적들에게 데미지를 줍니다.
- 브레이커가 다른 행동 중일 때 시전하면 별도의 시전 모션 없이 스킬을 사용할 수 있습니다.
35레벨 - 게일 슬래시
- 앵커를 십자 방향으로 번갈아 휘두릅니다.
- 첫 베기 이후 일정 시간 이내에 스킬 키 추가 입력을 통해 두 번째 베기를 시전할 수 있으며, 첫 베기의 후딜레이를 캔슬하여 두 번째 베기를 시전할 수 있습니다.
35레벨 - 타이드 바운드
- 범위 내 가장 강력한 적에게 훅을 던져 꽂아 체인을 연결합니다. 스킬 키 재입력 시 연결된 적에게 강습하여 피니쉬 공격을 가합니다.
- 체인에 연결된 적이 이미 있을 시에는 투척 없이 피니쉬 공격만 가합니다.
- 체인에 연결된 적이 있을 시, 적을 타격할 때마다 타이드 바운드의 남은 쿨타임이 감소합니다.
- 전직 계열 스킬의 후딜레이를 캔슬하여 시전할 수 있으며, 또한 타이드 바운드의 후딜레이를 캔슬하여 브레이커의 전직 계열 스킬을 시전할 수 있습니다.
40레벨 - 역조연격
- 두 번의 연격 후, 강렬한 피니쉬 올려베기를 시전합니다.
45레벨 - 웨이브 브레이커
- 바닥에 앵커를 깊숙이 박아 넣은 후, 모든 힘을 끌어모은 베기를 통해 강렬한 충격파를 발생시킵니다.

[근거 8] chunk_id=DOC-02-C0050, doc_id=DOC-02, title=5/20(수) 퍼스트 서버 업데이트 안내, lines=40-54, score=0.52
- 타격된 적은 다른 벽이나 적에 닿을 시 충격파를 발생시키며, 브레이커는 시전 중 받는 데미지가 감소합니다.
15레벨 - 훅 샷
- 범위 내 가장 강력한 적에게 훅을 던져 꽂아 체인을 연결합니다. 스킬 키 재입력 시 체인을 당겨 연결된 적에게 데미지를 줍니다.
- 체인에 연결된 적이 이미 있을 시에는 투척 없이 피니쉬 공격만 가합니다.
- 전직 계열 스킬의 후딜레이를 캔슬하여 시전할 수 있으며, 또한 훅 샷의 후딜레이를 캔슬하여 브레이커의 전직 계열 스킬을 시전할 수 있습니다.
- 기본기 숙련의 영향을 받습니다.
20레벨 - 어베스트
- 브레이커가 제국의 적들에게 정지 명령을 내리며, 공무 집행을 준비합니다.
- 버프 스킬로, 기본 공격 및 전직 계열 스킬의 공격력이 증가합니다.
20레벨 - 선체 파괴
- 전방으로 높이 도약한 후 지면을 내려찍습니다.
- 공중에서도 시전할 수 있습니다.
25레벨 - 스위핑 스트라이크
- 앵커로 전방을 넓게 쓸어 타격된 적들을 한 곳에 모읍니다.
- 앵커가 쓸고 지나간 자리에는 돌풍이 휘몰아쳐 범위 내의 적들에게 다단히트 데미지를 줍니다.",,,,,"브레이커는 신규 전직 제국기사의 첫 번째 전직이다.

- 전직 순서: 1번째  
- 관련 캐릭터: 제국기사  
- 업데이트 내용: 신규 전직 브레이커 추가, 튜토리얼 던전 및 스토리 추가됨",5.257,success,
Q007,DOC-02,fact,medium,브레이커의 덱 브레이커 스킬은 어떤 효과를 가지는가?,"덱 브레이커는 패시브 스킬이며, 기본 공격 및 전직 계열 스킬 공격력을 증가시키고 각성기를 제외한 전직 계열 스킬 쿨타임을 감소시킨다.","1레벨 - 덱 브레이커 / 패시브 스킬로, 기본 공격 및 전직 계열 스킬 공격력이 증가하며 각성기를 제외한 전직 계열 스킬 쿨타임이 감소합니다.",공격력 증가와 쿨타임 감소를 모두 답한다.,qwen3:4b-instruct-2507-q4_K_M,bge-m3,BAAI/bge-m3,DOC-02-C0050|DOC-02-C0049|DOC-02-C0045|DOC-02-C0056|DOC-02-C0048|DOC-02-C0057|DOC-02-C0043|DOC-02-C0046,DOC-02,0.654|0.626|0.624|0.620|0.614|0.613|0.613|0.611,"[근거 1] chunk_id=DOC-02-C0050, doc_id=DOC-02, title=5/20(수) 퍼스트 서버 업데이트 안내, lines=40-54, score=0.65
- 타격된 적은 다른 벽이나 적에 닿을 시 충격파를 발생시키며, 브레이커는 시전 중 받는 데미지가 감소합니다.
15레벨 - 훅 샷
- 범위 내 가장 강력한 적에게 훅을 던져 꽂아 체인을 연결합니다. 스킬 키 재입력 시 체인을 당겨 연결된 적에게 데미지를 줍니다.
- 체인에 연결된 적이 이미 있을 시에는 투척 없이 피니쉬 공격만 가합니다.
- 전직 계열 스킬의 후딜레이를 캔슬하여 시전할 수 있으며, 또한 훅 샷의 후딜레이를 캔슬하여 브레이커의 전직 계열 스킬을 시전할 수 있습니다.
- 기본기 숙련의 영향을 받습니다.
20레벨 - 어베스트
- 브레이커가 제국의 적들에게 정지 명령을 내리며, 공무 집행을 준비합니다.
- 버프 스킬로, 기본 공격 및 전직 계열 스킬의 공격력이 증가합니다.
20레벨 - 선체 파괴
- 전방으로 높이 도약한 후 지면을 내려찍습니다.
- 공중에서도 시전할 수 있습니다.
25레벨 - 스위핑 스트라이크
- 앵커로 전방을 넓게 쓸어 타격된 적들을 한 곳에 모읍니다.
- 앵커가 쓸고 지나간 자리에는 돌풍이 휘몰아쳐 범위 내의 적들에게 다단히트 데미지를 줍니다.

[근거 2] chunk_id=DOC-02-C0049, doc_id=DOC-02, title=5/20(수) 퍼스트 서버 업데이트 안내, lines=37-51, score=0.63
- 패시브 스킬로, 기본 공격 및 전직 계열 스킬 공격력과 물리 크리티컬 확률이 증가합니다.
15레벨 - 앵커 킥
- 앵커를 지지대 삼아 강력한 회전력을 담은 날아차기를 시전합니다. 시전 중 입력한 방향키와 동일한 방향으로 시전됩니다.
- 타격된 적은 다른 벽이나 적에 닿을 시 충격파를 발생시키며, 브레이커는 시전 중 받는 데미지가 감소합니다.
15레벨 - 훅 샷
- 범위 내 가장 강력한 적에게 훅을 던져 꽂아 체인을 연결합니다. 스킬 키 재입력 시 체인을 당겨 연결된 적에게 데미지를 줍니다.
- 체인에 연결된 적이 이미 있을 시에는 투척 없이 피니쉬 공격만 가합니다.
- 전직 계열 스킬의 후딜레이를 캔슬하여 시전할 수 있으며, 또한 훅 샷의 후딜레이를 캔슬하여 브레이커의 전직 계열 스킬을 시전할 수 있습니다.
- 기본기 숙련의 영향을 받습니다.
20레벨 - 어베스트
- 브레이커가 제국의 적들에게 정지 명령을 내리며, 공무 집행을 준비합니다.
- 버프 스킬로, 기본 공격 및 전직 계열 스킬의 공격력이 증가합니다.
20레벨 - 선체 파괴
- 전방으로 높이 도약한 후 지면을 내려찍습니다.
- 공중에서도 시전할 수 있습니다.

[근거 3] chunk_id=DOC-02-C0045, doc_id=DOC-02, title=5/20(수) 퍼스트 서버 업데이트 안내, lines=25-39, score=0.62
1레벨 - 덱 브레이커
- 패시브 스킬로, 기본 공격 및 전직 계열 스킬 공격력이 증가하며 각성기를 제외한 전직 계열 스킬 쿨타임이 감소합니다.
1레벨 - 와이드 클리브
- 앵커를 넓게 휘둘러 전방의 적을 타격합니다.
5레벨 - 캐넌 킥
- 브레이커가 몸을 던져 전방으로 날아차기를 시전합니다.
- 공중에서도 시전할 수 있으며, 시전 중 받는 데미지가 감소합니다.
10레벨 - 러프 보딩
- 전방으로 무식하게 돌진하여 돌진 중 몸에 닿는 적들을 날려버립니다.
- 스킬 키 지속 입력을 통해 돌진 상태를 유지할 수 있습니다.
- 돌진 중 일부 스킬의 선딜레이를 캔슬하여 연계 시전할 수 있으며, 시전 중 받는 데미지가 감소합니다.
15레벨 - 노 쿼터
- 패시브 스킬로, 기본 공격 및 전직 계열 스킬 공격력과 물리 크리티컬 확률이 증가합니다.
15레벨 - 앵커 킥
- 앵커를 지지대 삼아 강력한 회전력을 담은 날아차기를 시전합니다. 시전 중 입력한 방향키와 동일한 방향으로 시전됩니다.

[근거 4] chunk_id=DOC-02-C0056, doc_id=DOC-02, title=5/20(수) 퍼스트 서버 업데이트 안내, lines=58-72, score=0.62
- 전방으로 강렬한 찌르기 공격을 가합니다. 타격된 적들은 브레이커의 전방으로 끌려옵니다.
- 스킬 키 지속 입력 시, 지속 입력한 시간에 비례해 이동 거리와 공격 범위가 증가합니다.
30레벨 - 딥 워터 콜
- 브레이커가 해상 전투에 도움이 될 만한 물건을 골라 전방에 떨어뜨립니다.
- 해당 물건은 이후 브레이커가 타격을 가하면 폭발하여 주변의 적들에게 데미지를 줍니다.
- 브레이커가 다른 행동 중일 때 시전하면 별도의 시전 모션 없이 스킬을 사용할 수 있습니다.
35레벨 - 게일 슬래시
- 앵커를 십자 방향으로 번갈아 휘두릅니다.
- 첫 베기 이후 일정 시간 이내에 스킬 키 추가 입력을 통해 두 번째 베기를 시전할 수 있으며, 첫 베기의 후딜레이를 캔슬하여 두 번째 베기를 시전할 수 있습니다.
35레벨 - 타이드 바운드
- 범위 내 가장 강력한 적에게 훅을 던져 꽂아 체인을 연결합니다. 스킬 키 재입력 시 연결된 적에게 강습하여 피니쉬 공격을 가합니다.
- 체인에 연결된 적이 이미 있을 시에는 투척 없이 피니쉬 공격만 가합니다.
- 체인에 연결된 적이 있을 시, 적을 타격할 때마다 타이드 바운드의 남은 쿨타임이 감소합니다.
- 전직 계열 스킬의 후딜레이를 캔슬하여 시전할 수 있으며, 또한 타이드 바운드의 후딜레이를 캔슬하여 브레이커의 전직 계열 스킬을 시전할 수 있습니다.
40레벨 - 역조연격

[근거 5] chunk_id=DOC-02-C0048, doc_id=DOC-02, title=5/20(수) 퍼스트 서버 업데이트 안내, lines=34-48, score=0.61
- 스킬 키 지속 입력을 통해 돌진 상태를 유지할 수 있습니다.
- 돌진 중 일부 스킬의 선딜레이를 캔슬하여 연계 시전할 수 있으며, 시전 중 받는 데미지가 감소합니다.
15레벨 - 노 쿼터
- 패시브 스킬로, 기본 공격 및 전직 계열 스킬 공격력과 물리 크리티컬 확률이 증가합니다.
15레벨 - 앵커 킥
- 앵커를 지지대 삼아 강력한 회전력을 담은 날아차기를 시전합니다. 시전 중 입력한 방향키와 동일한 방향으로 시전됩니다.
- 타격된 적은 다른 벽이나 적에 닿을 시 충격파를 발생시키며, 브레이커는 시전 중 받는 데미지가 감소합니다.
15레벨 - 훅 샷
- 범위 내 가장 강력한 적에게 훅을 던져 꽂아 체인을 연결합니다. 스킬 키 재입력 시 체인을 당겨 연결된 적에게 데미지를 줍니다.
- 체인에 연결된 적이 이미 있을 시에는 투척 없이 피니쉬 공격만 가합니다.
- 전직 계열 스킬의 후딜레이를 캔슬하여 시전할 수 있으며, 또한 훅 샷의 후딜레이를 캔슬하여 브레이커의 전직 계열 스킬을 시전할 수 있습니다.
- 기본기 숙련의 영향을 받습니다.
20레벨 - 어베스트
- 브레이커가 제국의 적들에게 정지 명령을 내리며, 공무 집행을 준비합니다.
- 버프 스킬로, 기본 공격 및 전직 계열 스킬의 공격력이 증가합니다.

[근거 6] chunk_id=DOC-02-C0057, doc_id=DOC-02, title=5/20(수) 퍼스트 서버 업데이트 안내, lines=61-75, score=0.61
- 브레이커가 해상 전투에 도움이 될 만한 물건을 골라 전방에 떨어뜨립니다.
- 해당 물건은 이후 브레이커가 타격을 가하면 폭발하여 주변의 적들에게 데미지를 줍니다.
- 브레이커가 다른 행동 중일 때 시전하면 별도의 시전 모션 없이 스킬을 사용할 수 있습니다.
35레벨 - 게일 슬래시
- 앵커를 십자 방향으로 번갈아 휘두릅니다.
- 첫 베기 이후 일정 시간 이내에 스킬 키 추가 입력을 통해 두 번째 베기를 시전할 수 있으며, 첫 베기의 후딜레이를 캔슬하여 두 번째 베기를 시전할 수 있습니다.
35레벨 - 타이드 바운드
- 범위 내 가장 강력한 적에게 훅을 던져 꽂아 체인을 연결합니다. 스킬 키 재입력 시 연결된 적에게 강습하여 피니쉬 공격을 가합니다.
- 체인에 연결된 적이 이미 있을 시에는 투척 없이 피니쉬 공격만 가합니다.
- 체인에 연결된 적이 있을 시, 적을 타격할 때마다 타이드 바운드의 남은 쿨타임이 감소합니다.
- 전직 계열 스킬의 후딜레이를 캔슬하여 시전할 수 있으며, 또한 타이드 바운드의 후딜레이를 캔슬하여 브레이커의 전직 계열 스킬을 시전할 수 있습니다.
40레벨 - 역조연격
- 두 번의 연격 후, 강렬한 피니쉬 올려베기를 시전합니다.
45레벨 - 웨이브 브레이커
- 바닥에 앵커를 깊숙이 박아 넣은 후, 모든 힘을 끌어모은 베기를 통해 강렬한 충격파를 발생시킵니다.

[근거 7] chunk_id=DOC-02-C0043, doc_id=DOC-02, title=5/20(수) 퍼스트 서버 업데이트 안내, lines=19-33, score=0.61
10레벨 - 퀵 바이섹션
- 절도 있는 동작으로 전방의 적을 내려벱니다.
브레이커
신규 캐릭터 제국기사의 첫 번째 전직 브레이커가 업데이트됩니다.
1레벨 - 방어구 마스터리
- 브레이커는 방어구 장착 시 힘, 지능, 체력, 정신력, 물리 크리티컬 히트, 물리 방어력, 히트리커버리, HP MAX, MP MAX, MP 회복 속도 보너스를 받습니다.
1레벨 - 덱 브레이커
- 패시브 스킬로, 기본 공격 및 전직 계열 스킬 공격력이 증가하며 각성기를 제외한 전직 계열 스킬 쿨타임이 감소합니다.
1레벨 - 와이드 클리브
- 앵커를 넓게 휘둘러 전방의 적을 타격합니다.
5레벨 - 캐넌 킥
- 브레이커가 몸을 던져 전방으로 날아차기를 시전합니다.
- 공중에서도 시전할 수 있으며, 시전 중 받는 데미지가 감소합니다.
10레벨 - 러프 보딩
- 전방으로 무식하게 돌진하여 돌진 중 몸에 닿는 적들을 날려버립니다.

[근거 8] chunk_id=DOC-02-C0046, doc_id=DOC-02, title=5/20(수) 퍼스트 서버 업데이트 안내, lines=28-42, score=0.61
- 앵커를 넓게 휘둘러 전방의 적을 타격합니다.
5레벨 - 캐넌 킥
- 브레이커가 몸을 던져 전방으로 날아차기를 시전합니다.
- 공중에서도 시전할 수 있으며, 시전 중 받는 데미지가 감소합니다.
10레벨 - 러프 보딩
- 전방으로 무식하게 돌진하여 돌진 중 몸에 닿는 적들을 날려버립니다.
- 스킬 키 지속 입력을 통해 돌진 상태를 유지할 수 있습니다.
- 돌진 중 일부 스킬의 선딜레이를 캔슬하여 연계 시전할 수 있으며, 시전 중 받는 데미지가 감소합니다.
15레벨 - 노 쿼터
- 패시브 스킬로, 기본 공격 및 전직 계열 스킬 공격력과 물리 크리티컬 확률이 증가합니다.
15레벨 - 앵커 킥
- 앵커를 지지대 삼아 강력한 회전력을 담은 날아차기를 시전합니다. 시전 중 입력한 방향키와 동일한 방향으로 시전됩니다.
- 타격된 적은 다른 벽이나 적에 닿을 시 충격파를 발생시키며, 브레이커는 시전 중 받는 데미지가 감소합니다.
15레벨 - 훅 샷
- 범위 내 가장 강력한 적에게 훅을 던져 꽂아 체인을 연결합니다. 스킬 키 재입력 시 체인을 당겨 연결된 적에게 데미지를 줍니다.",,,,,제공된 문서에서 확인할 수 없습니다.,4.397,success,
Q008,DOC-02,summary,medium,5/20 퍼스트 서버 업데이트의 핵심을 유저 관점에서 짧게 요약해줘.,"5/20 퍼스트 서버에는 신규 캐릭터 제국기사와 첫 번째 전직 브레이커가 추가되며, 브레이커의 주요 스킬과 전투 특징이 공개되었다. 다만 퍼스트 서버 내용이라 라이브 서버 업데이트 시 변경될 수 있다.","금일 적용되는 업데이트 내용은 아래와 같으며, 관련 내용은 라이브 서버 업데이트 시 변경될 수 있습니다. / 신규 캐릭터 제국기사가 추가됩니다.",퍼스트 서버 변경 가능성을 함께 언급한다.,qwen3:4b-instruct-2507-q4_K_M,bge-m3,BAAI/bge-m3,DOC-02-C0037|DOC-02-C0039|DOC-05-C0633|DOC-02-C0038|DOC-05-C0635|DOC-05-C0634|DOC-04-C0584|DOC-04-C0385,DOC-02|DOC-05|DOC-04,0.663|0.654|0.648|0.642|0.636|0.623|0.587|0.586,"[근거 1] chunk_id=DOC-02-C0037, doc_id=DOC-02, title=5/20(수) 퍼스트 서버 업데이트 안내, lines=1-15, score=0.66
# 5/20(수) 퍼스트 서버 업데이트 안내
- doc_id: DOC-02
- doc_type: first_server
- category: 퍼스트서버
- posted_date: 2026.05.20
- source_url: https://df.nexon.com/community/news/update/2927399?categoryType=0
- fetched_at: 2026-05-27T22:36:01
5월 20일 오후 3시부터 퍼스트 서버가 오픈됩니다.
금일 적용되는 업데이트 내용은 아래와 같으며, 관련 내용은 라이브 서버 업데이트 시 변경될 수 있습니다.
일부 내용은 라이브 서버에서 바로 업데이트 될 예정으로 양해 부탁 드립니다.
아래의 공지와 다른 내용을 발견하시면 퍼스트 서버 게시판을 통하여 알려주시면 감사하겠습니다.
신규 캐릭터 - 제국기사
신규 캐릭터 제국기사가 추가됩니다.
제국기사
1레벨 - 레이즈 어퍼컷

[근거 2] chunk_id=DOC-02-C0039, doc_id=DOC-02, title=5/20(수) 퍼스트 서버 업데이트 안내, lines=7-21, score=0.65
- fetched_at: 2026-05-27T22:36:01
5월 20일 오후 3시부터 퍼스트 서버가 오픈됩니다.
금일 적용되는 업데이트 내용은 아래와 같으며, 관련 내용은 라이브 서버 업데이트 시 변경될 수 있습니다.
일부 내용은 라이브 서버에서 바로 업데이트 될 예정으로 양해 부탁 드립니다.
아래의 공지와 다른 내용을 발견하시면 퍼스트 서버 게시판을 통하여 알려주시면 감사하겠습니다.
신규 캐릭터 - 제국기사
신규 캐릭터 제국기사가 추가됩니다.
제국기사
1레벨 - 레이즈 어퍼컷
- 장비한 무기를 바닥에서부터 힘차게 쓸어 올려, 타격된 적을 공중에 띄웁니다.
5레벨 - 포인트 쓰러스트
- 전방으로 신속하게 돌진하여 적의 급소를 타격한 후 내려벱니다.
10레벨 - 퀵 바이섹션
- 절도 있는 동작으로 전방의 적을 내려벱니다.
브레이커

[근거 3] chunk_id=DOC-05-C0633, doc_id=DOC-05, title=5/6(수) 퍼스트 서버 업데이트 안내, lines=1-15, score=0.65
# 5/6(수) 퍼스트 서버 업데이트 안내
- doc_id: DOC-05
- doc_type: first_server
- category: 퍼스트서버
- posted_date: 2026.05.06
- source_url: https://df.nexon.com/community/news/update/2927233?categoryType=0
- fetched_at: 2026-05-27T22:36:01
5월 6일 오후 3시부터 퍼스트 서버가 오픈됩니다.
금일 적용되는 업데이트 내용은 아래와 같으며, 관련 내용은 라이브 서버 업데이트 시 변경될 수 있습니다.
아래의 공지와 다른 내용을 발견하시면 퍼스트 서버 게시판을 통하여 알려주시면 감사하겠습니다.
(18:10 추가) 클론 캐릭터 생성 시 묵언의 진의 업그레이드가 복사되지 않는 현상이 수정되었습니다.
최후의 과업
<최후의 과업> 상급 던전 콘텐츠가 업데이트됩니다.
콘텐츠 입장
<최후의 과업> 채널은 모험가 명성 108,921부터 입장이 가능합니다.

[근거 4] chunk_id=DOC-02-C0038, doc_id=DOC-02, title=5/20(수) 퍼스트 서버 업데이트 안내, lines=4-18, score=0.64
- category: 퍼스트서버
- posted_date: 2026.05.20
- source_url: https://df.nexon.com/community/news/update/2927399?categoryType=0
- fetched_at: 2026-05-27T22:36:01
5월 20일 오후 3시부터 퍼스트 서버가 오픈됩니다.
금일 적용되는 업데이트 내용은 아래와 같으며, 관련 내용은 라이브 서버 업데이트 시 변경될 수 있습니다.
일부 내용은 라이브 서버에서 바로 업데이트 될 예정으로 양해 부탁 드립니다.
아래의 공지와 다른 내용을 발견하시면 퍼스트 서버 게시판을 통하여 알려주시면 감사하겠습니다.
신규 캐릭터 - 제국기사
신규 캐릭터 제국기사가 추가됩니다.
제국기사
1레벨 - 레이즈 어퍼컷
- 장비한 무기를 바닥에서부터 힘차게 쓸어 올려, 타격된 적을 공중에 띄웁니다.
5레벨 - 포인트 쓰러스트
- 전방으로 신속하게 돌진하여 적의 급소를 타격한 후 내려벱니다.

[근거 5] chunk_id=DOC-05-C0635, doc_id=DOC-05, title=5/6(수) 퍼스트 서버 업데이트 안내, lines=7-21, score=0.64
- fetched_at: 2026-05-27T22:36:01
5월 6일 오후 3시부터 퍼스트 서버가 오픈됩니다.
금일 적용되는 업데이트 내용은 아래와 같으며, 관련 내용은 라이브 서버 업데이트 시 변경될 수 있습니다.
아래의 공지와 다른 내용을 발견하시면 퍼스트 서버 게시판을 통하여 알려주시면 감사하겠습니다.
(18:10 추가) 클론 캐릭터 생성 시 묵언의 진의 업그레이드가 복사되지 않는 현상이 수정되었습니다.
최후의 과업
<최후의 과업> 상급 던전 콘텐츠가 업데이트됩니다.
콘텐츠 입장
<최후의 과업> 채널은 모험가 명성 108,921부터 입장이 가능합니다.
<최후의 과업> 은 모든 요일에 입장 가능합니다.
<최후의 과업> 채널에서 '성화의 라미에르' NPC를 통해 콘텐츠에 입장할 수 있습니다.
'성화의 라미에르' NPC 혹은 파티 찾기 UI의 파티 생성 버튼을 통해 생성이 가능합니다.
파티 생성 / 가입 후 상단 지역으로 이동하여 '성화의 라미에르' NPC 또는 상단 포탈을 통해 콘텐츠를 시작할 수 있습니다.
콘텐츠 정보
구분

[근거 6] chunk_id=DOC-05-C0634, doc_id=DOC-05, title=5/6(수) 퍼스트 서버 업데이트 안내, lines=4-18, score=0.62
- category: 퍼스트서버
- posted_date: 2026.05.06
- source_url: https://df.nexon.com/community/news/update/2927233?categoryType=0
- fetched_at: 2026-05-27T22:36:01
5월 6일 오후 3시부터 퍼스트 서버가 오픈됩니다.
금일 적용되는 업데이트 내용은 아래와 같으며, 관련 내용은 라이브 서버 업데이트 시 변경될 수 있습니다.
아래의 공지와 다른 내용을 발견하시면 퍼스트 서버 게시판을 통하여 알려주시면 감사하겠습니다.
(18:10 추가) 클론 캐릭터 생성 시 묵언의 진의 업그레이드가 복사되지 않는 현상이 수정되었습니다.
최후의 과업
<최후의 과업> 상급 던전 콘텐츠가 업데이트됩니다.
콘텐츠 입장
<최후의 과업> 채널은 모험가 명성 108,921부터 입장이 가능합니다.
<최후의 과업> 은 모든 요일에 입장 가능합니다.
<최후의 과업> 채널에서 '성화의 라미에르' NPC를 통해 콘텐츠에 입장할 수 있습니다.
'성화의 라미에르' NPC 혹은 파티 찾기 UI의 파티 생성 버튼을 통해 생성이 가능합니다.

[근거 7] chunk_id=DOC-04-C0584, doc_id=DOC-04, title=최후의 과업 업데이트, lines=601-615, score=0.59
퍼스트 서버 대비 변경 사항
연관 시스템 변경 사항
몬스터 도감 - 신야 몬스터의 추가 스토리 문구가 변경됩니다.
월드맵 - <과업의 전당> 즐겨찾기 슬롯 이미지가 변경됩니다.
몬스터 도감 - 성스러운 성인 변신 코스튬 보상의 툴팁 문구가 변경됩니다.
버그 수정
업적 - '마지막 참회록' 업적 카운트가 비정상적인 현상이 수정됩니다.
업적 - '영겁의 성화' 업적 카운트가 비정상적인 현상이 수정됩니다.
업적 - '성화 발현' 업적 카운트가 비정상적인 현상이 수정됩니다.
업적 - '불꽃이 꺼지기 전에' 업적 카운트가 비정상적인 현상이 수정됩니다.
몬스터 도감 - 볼프간트 베오나르 몬스터 약점이 비정상적으로 출력되는 현상이 수정됩니다.
종료 팝업 - 최후의 과업 명성 조건을 만족하여도 슬롯이 출력되지 않는 현상이 수정됩니다.
클라이언트 동영상 실시간 다운로드 방식 도입
개발자 코멘트
이번 개선 사항은 클라이언트 용량을 약 4GB 이상 경량화하는 작업입니다. 그동안 클라이언트 다운로드 시 큰 비중을 차지하던 영상 리소스 대부분을 실시간 재생 방식으로 변경하여, 모험가님들의 다운로드 부담을 줄였습니다.

[근거 8] chunk_id=DOC-04-C0385, doc_id=DOC-04, title=최후의 과업 업데이트, lines=4-18, score=0.59
- category: 주요
- posted_date: 2026.05.13
- source_url: https://df.nexon.com/community/news/update/2927335?categoryType=0
- fetched_at: 2026-05-27T22:36:01
디렉터 코멘트
안녕하세요. 던전앤파이터 총괄 디렉터 박종민입니다.
먼저, 퍼스트 서버를 통해 '최후의 과업'을 미리 체험하고 소중한 후기를 남겨주신 많은 모험가님께 깊은 감사의 말씀을 드립니다.
보내주신 의견을 면밀히 검토하여, 모험가 여러분의 강해진 스펙이 플레이 경험에 더 반영될 수 있도록 라이브 서버 업데이트 시 다음과 같이 조정될 예정입니다.
몬스터 HP 10% 일괄 하향 및 성화 작열 HP 감소량 40%에서 30%로 조정
신야, 밀란 로젠바흐의 핵심 패턴 발동 시작 시점 개선
소중한 시간을 내어 피드백을 주신 모험가님들께 다시 한번 감사드립니다.
다음으로, 지난 노트에서 말씀드렸던 제휴 아바타와 관련하여 죄송한 안내 사항이 있습니다.
제작하는 과정에서 검토가 필요한 부분이 발생하여, 일정을 향후로 조정하게 되었습니다.
확정 시 추가 안내 드리도록 하겠습니다.
감사합니다.",,,,,"5월 20일 퍼스트 서버 업데이트의 핵심 내용은 다음과 같습니다.  
- 신야 몬스터의 스토리 문구가 변경됨  
- <최후의 과업> 콘텐츠가 상급 던전으로 업데이트됨  
- <최후의 과업> 채널은 모험가 명성 108,921 이상부터 입장 가능하며, 모든 요일에 입장 가능  
- '성화의 라미에르' NPC 또는 파티 생성 버튼을 통해 입장 가능  
- 파티 생성 후 상단 지역으로 이동하여 콘텐츠 시작 가능  
- 클론 캐릭터 생성 시 묵언의 진의 업그레이드 복사 문제는 수정됨 (5월 6일 업데이트 기준)  
- 클라이언트 용량 약 4GB 경량화 완료 (영상 리소스 실시간 재생 도입)",7.742,success,
Q009,DOC-03,fact,easy,광휘의 행로는 어떤 NPC 메뉴를 통해 진행할 수 있는가?,NPC 붉은 성화의 엘리아의 광휘의 행로 메뉴를 통해 진행할 수 있다.,NPC '붉은 성화의 엘리아'의 '광휘의 행로' 메뉴를 통해 광휘의 행로를 진행할 수 있습니다.,NPC명과 메뉴명을 답한다.,qwen3:4b-instruct-2507-q4_K_M,bge-m3,BAAI/bge-m3,DOC-03-C0320|DOC-03-C0321|DOC-03-C0319|DOC-03-C0322|DOC-02-C0179|DOC-02-C0269|DOC-01-C0007|DOC-05-C0701,DOC-03|DOC-02|DOC-01|DOC-05,0.697|0.680|0.670|0.640|0.559|0.557|0.554|0.553,"[근거 1] chunk_id=DOC-03-C0320, doc_id=DOC-03, title=5/21(목) 정기점검 업데이트 안내, lines=4-18, score=0.70
- category: 일반
- posted_date: 2026.05.20
- source_url: https://df.nexon.com/community/news/update/2927392?categoryType=0
- fetched_at: 2026-05-27T22:36:01
광휘의 행로
광휘의 행로 시스템이 추가됩니다.
NPC '붉은 성화의 엘리아'의 '광휘의 행로' 메뉴를 통해 광휘의 행로를 진행할 수 있습니다.
탐사할 행로를 지정 후 순례의 인장과 빛의 출정령을 소모하여 탐사대를 파견하고, 일정 시간이 지난 후 보상을 획득할 수 있습니다.
- 명성 58,950 이상의 캐릭터로 탐사를 진행할 수 있습니다.
- 탐사는 계정 단위로 진행되며, 한 번에 하나의 탐사만 진행할 수 있습니다.
- 탐사 진행 시 접속 여부와 관계 없이 시간이 흘러갑니다.
- 매주 1회에 한해 '핀더의 정원 탐사'를 무료로 탐사할 수 있습니다.
순례의 인장 1개를 추가로 소모하여 잔여 탐사 시간을 2분씩 단축할 수 있습니다.
- 잔여 시간이 2분 미만인 경우에도 순례의 인장 1개가 소모됩니다.
- 탐사 가속 재료를 최대 수량 등록 후 잔여 시간이 감소한 경우, 등록한 수량이 아닌 잔여 시간에 따른 순례의 인장이 차감됩니다.

[근거 2] chunk_id=DOC-03-C0321, doc_id=DOC-03, title=5/21(목) 정기점검 업데이트 안내, lines=7-21, score=0.68
- fetched_at: 2026-05-27T22:36:01
광휘의 행로
광휘의 행로 시스템이 추가됩니다.
NPC '붉은 성화의 엘리아'의 '광휘의 행로' 메뉴를 통해 광휘의 행로를 진행할 수 있습니다.
탐사할 행로를 지정 후 순례의 인장과 빛의 출정령을 소모하여 탐사대를 파견하고, 일정 시간이 지난 후 보상을 획득할 수 있습니다.
- 명성 58,950 이상의 캐릭터로 탐사를 진행할 수 있습니다.
- 탐사는 계정 단위로 진행되며, 한 번에 하나의 탐사만 진행할 수 있습니다.
- 탐사 진행 시 접속 여부와 관계 없이 시간이 흘러갑니다.
- 매주 1회에 한해 '핀더의 정원 탐사'를 무료로 탐사할 수 있습니다.
순례의 인장 1개를 추가로 소모하여 잔여 탐사 시간을 2분씩 단축할 수 있습니다.
- 잔여 시간이 2분 미만인 경우에도 순례의 인장 1개가 소모됩니다.
- 탐사 가속 재료를 최대 수량 등록 후 잔여 시간이 감소한 경우, 등록한 수량이 아닌 잔여 시간에 따른 순례의 인장이 차감됩니다.
탐사 종류
구분
설명

[근거 3] chunk_id=DOC-03-C0319, doc_id=DOC-03, title=5/21(목) 정기점검 업데이트 안내, lines=1-15, score=0.67
# 5/21(목) 정기점검 업데이트 안내
- doc_id: DOC-03
- doc_type: regular_update
- category: 일반
- posted_date: 2026.05.20
- source_url: https://df.nexon.com/community/news/update/2927392?categoryType=0
- fetched_at: 2026-05-27T22:36:01
광휘의 행로
광휘의 행로 시스템이 추가됩니다.
NPC '붉은 성화의 엘리아'의 '광휘의 행로' 메뉴를 통해 광휘의 행로를 진행할 수 있습니다.
탐사할 행로를 지정 후 순례의 인장과 빛의 출정령을 소모하여 탐사대를 파견하고, 일정 시간이 지난 후 보상을 획득할 수 있습니다.
- 명성 58,950 이상의 캐릭터로 탐사를 진행할 수 있습니다.
- 탐사는 계정 단위로 진행되며, 한 번에 하나의 탐사만 진행할 수 있습니다.
- 탐사 진행 시 접속 여부와 관계 없이 시간이 흘러갑니다.
- 매주 1회에 한해 '핀더의 정원 탐사'를 무료로 탐사할 수 있습니다.

[근거 4] chunk_id=DOC-03-C0322, doc_id=DOC-03, title=5/21(목) 정기점검 업데이트 안내, lines=10-24, score=0.64
NPC '붉은 성화의 엘리아'의 '광휘의 행로' 메뉴를 통해 광휘의 행로를 진행할 수 있습니다.
탐사할 행로를 지정 후 순례의 인장과 빛의 출정령을 소모하여 탐사대를 파견하고, 일정 시간이 지난 후 보상을 획득할 수 있습니다.
- 명성 58,950 이상의 캐릭터로 탐사를 진행할 수 있습니다.
- 탐사는 계정 단위로 진행되며, 한 번에 하나의 탐사만 진행할 수 있습니다.
- 탐사 진행 시 접속 여부와 관계 없이 시간이 흘러갑니다.
- 매주 1회에 한해 '핀더의 정원 탐사'를 무료로 탐사할 수 있습니다.
순례의 인장 1개를 추가로 소모하여 잔여 탐사 시간을 2분씩 단축할 수 있습니다.
- 잔여 시간이 2분 미만인 경우에도 순례의 인장 1개가 소모됩니다.
- 탐사 가속 재료를 최대 수량 등록 후 잔여 시간이 감소한 경우, 등록한 수량이 아닌 잔여 시간에 따른 순례의 인장이 차감됩니다.
탐사 종류
구분
설명
탐사 시간
소모 재료
기억의 숲 탐사

[근거 5] chunk_id=DOC-02-C0179, doc_id=DOC-02, title=5/20(수) 퍼스트 서버 업데이트 안내, lines=427-441, score=0.56
광휘의 잔영
NPC 켈돈 자비 상점에서 다음 아이템 구매에 사용합니다.
태초 광휘의 의지
태초 소울 1개 상자
에픽 소울 1개 상자
영롱한 조율의 추 1개 상자
광휘의 잔영 1개 상자 (계정귀속)
교환불가
종말의 계시 1개 상자
사용 시 종말의 계시 1개를 획득할 수 있습니다.
계정귀속
솔리드 소울(교환불가)
NPC 신비한 힘의 마법서 상점에서 다음 아이템 구매에 사용합니다.
태초 서약 결정 항아리
NPC 신비한 힘의 마법서를 통해 아래 기능을 이용할 수 있습니다.

[근거 6] chunk_id=DOC-02-C0269, doc_id=DOC-02, title=5/20(수) 퍼스트 서버 업데이트 안내, lines=697-711, score=0.56
광휘의 잔영
NPC 켈돈 자비 상점에서 다음 아이템 구매에 사용합니다.
태초 광휘의 의지
태초 소울 1개 상자
에픽 소울 1개 상자
영롱한 조율의 추 1개 상자
광휘의 잔영 1개 상자 (계정귀속)
교환불가
편의성 개선
개발자 코멘트
이번 개선에서는 정보의 접근성과 인지성을 높이는 데 중점을 두었으며, 모험가분들께서 필요한 내용을 보다 직관적으로 확인하고 빠르게 선택하실 수 있도록 구성하였습니다.
기존 사용 구조를 유지하는 범위 내에서 표시 방식과 조작 단계를 정비하여, 플레이 흐름은 그대로 유지하면서도 편의성은 개선될 수 있도록 하였습니다.
이를 통해 보다 쾌적하고 효율적인 이용 환경을 제공하는 변화가 되기를 기대합니다.
장비 수리 및 관리 편의성 개선
1부위 수리 쿠폰 사용 편의성 강화

[근거 7] chunk_id=DOC-01-C0007, doc_id=DOC-01, title=5/28(목) 정기점검 업데이트 안내, lines=19-33, score=0.55
광휘의 잔영 1개 상자 (계정귀속)
교환불가
NPC 상점
지역 NPC 켈돈 자비 상점에 아이템이 추가됩니다.
신규 판매 물품
설명
거래타입
판매 가격
구매 제한
태초 광휘의 의지
사용 시 무기고에 등록된 태초 서약을 제외한 태초 서약 중 1종을 균등한 확률로 획득할 수 있습니다.
등장 가능한 서약을 모두 획득한 경우, 그리운 안개의 기억이 등장합니다.
계정귀속
광휘의 잔영 790개
계정당 1회

[근거 8] chunk_id=DOC-05-C0701, doc_id=DOC-05, title=5/6(수) 퍼스트 서버 업데이트 안내, lines=205-219, score=0.55
던전 클리어 시 일정 확률로 배낭지기 배니부 NPC가 등장합니다.
배낭지기 배니부 NPC에게서 다음의 아이템을 구매할 수 있습니다.
아이템 명
설명
거래 타입
닳아버린 순례의 증표
광휘의 순례 던전에 입장할 수 있는 재료입니다.
1회 교환 가능(거래 후 계정귀속)
115레벨 세트 태초 악세서리 항아리 선택 상자
사용 시 타입 별 태초 악세서리 항아리 중 1종을 선택하여 획득할 수 있습니다.
항아리 개봉 시 태초 소울 3개가 필요합니다.
계정귀속
흑아 태초 변환서 항아리
흑아 태초 변환서 중 1종을 균등한 확률로 획득할 수 있습니다.
계정귀속",,,,,광휘의 행로는 NPC '붉은 성화의 엘리아'의 '광휘의 행로' 메뉴를 통해 진행할 수 있습니다.,4.455,success,
Q010,DOC-03,condition,easy,광휘의 행로 탐사는 어느 정도 명성부터 진행할 수 있는가?,"명성 58,950 이상의 캐릭터로 탐사를 진행할 수 있다.","명성 58,950 이상의 캐릭터로 탐사를 진행할 수 있습니다.",명성 수치를 정확히 답한다.,qwen3:4b-instruct-2507-q4_K_M,bge-m3,BAAI/bge-m3,DOC-03-C0321|DOC-03-C0322|DOC-03-C0320|DOC-03-C0341|DOC-03-C0319|DOC-03-C0342|DOC-03-C0329|DOC-03-C0332,DOC-03,0.611|0.604|0.582|0.541|0.533|0.517|0.516|0.495,"[근거 1] chunk_id=DOC-03-C0321, doc_id=DOC-03, title=5/21(목) 정기점검 업데이트 안내, lines=7-21, score=0.61
- fetched_at: 2026-05-27T22:36:01
광휘의 행로
광휘의 행로 시스템이 추가됩니다.
NPC '붉은 성화의 엘리아'의 '광휘의 행로' 메뉴를 통해 광휘의 행로를 진행할 수 있습니다.
탐사할 행로를 지정 후 순례의 인장과 빛의 출정령을 소모하여 탐사대를 파견하고, 일정 시간이 지난 후 보상을 획득할 수 있습니다.
- 명성 58,950 이상의 캐릭터로 탐사를 진행할 수 있습니다.
- 탐사는 계정 단위로 진행되며, 한 번에 하나의 탐사만 진행할 수 있습니다.
- 탐사 진행 시 접속 여부와 관계 없이 시간이 흘러갑니다.
- 매주 1회에 한해 '핀더의 정원 탐사'를 무료로 탐사할 수 있습니다.
순례의 인장 1개를 추가로 소모하여 잔여 탐사 시간을 2분씩 단축할 수 있습니다.
- 잔여 시간이 2분 미만인 경우에도 순례의 인장 1개가 소모됩니다.
- 탐사 가속 재료를 최대 수량 등록 후 잔여 시간이 감소한 경우, 등록한 수량이 아닌 잔여 시간에 따른 순례의 인장이 차감됩니다.
탐사 종류
구분
설명

[근거 2] chunk_id=DOC-03-C0322, doc_id=DOC-03, title=5/21(목) 정기점검 업데이트 안내, lines=10-24, score=0.60
NPC '붉은 성화의 엘리아'의 '광휘의 행로' 메뉴를 통해 광휘의 행로를 진행할 수 있습니다.
탐사할 행로를 지정 후 순례의 인장과 빛의 출정령을 소모하여 탐사대를 파견하고, 일정 시간이 지난 후 보상을 획득할 수 있습니다.
- 명성 58,950 이상의 캐릭터로 탐사를 진행할 수 있습니다.
- 탐사는 계정 단위로 진행되며, 한 번에 하나의 탐사만 진행할 수 있습니다.
- 탐사 진행 시 접속 여부와 관계 없이 시간이 흘러갑니다.
- 매주 1회에 한해 '핀더의 정원 탐사'를 무료로 탐사할 수 있습니다.
순례의 인장 1개를 추가로 소모하여 잔여 탐사 시간을 2분씩 단축할 수 있습니다.
- 잔여 시간이 2분 미만인 경우에도 순례의 인장 1개가 소모됩니다.
- 탐사 가속 재료를 최대 수량 등록 후 잔여 시간이 감소한 경우, 등록한 수량이 아닌 잔여 시간에 따른 순례의 인장이 차감됩니다.
탐사 종류
구분
설명
탐사 시간
소모 재료
기억의 숲 탐사

[근거 3] chunk_id=DOC-03-C0320, doc_id=DOC-03, title=5/21(목) 정기점검 업데이트 안내, lines=4-18, score=0.58
- category: 일반
- posted_date: 2026.05.20
- source_url: https://df.nexon.com/community/news/update/2927392?categoryType=0
- fetched_at: 2026-05-27T22:36:01
광휘의 행로
광휘의 행로 시스템이 추가됩니다.
NPC '붉은 성화의 엘리아'의 '광휘의 행로' 메뉴를 통해 광휘의 행로를 진행할 수 있습니다.
탐사할 행로를 지정 후 순례의 인장과 빛의 출정령을 소모하여 탐사대를 파견하고, 일정 시간이 지난 후 보상을 획득할 수 있습니다.
- 명성 58,950 이상의 캐릭터로 탐사를 진행할 수 있습니다.
- 탐사는 계정 단위로 진행되며, 한 번에 하나의 탐사만 진행할 수 있습니다.
- 탐사 진행 시 접속 여부와 관계 없이 시간이 흘러갑니다.
- 매주 1회에 한해 '핀더의 정원 탐사'를 무료로 탐사할 수 있습니다.
순례의 인장 1개를 추가로 소모하여 잔여 탐사 시간을 2분씩 단축할 수 있습니다.
- 잔여 시간이 2분 미만인 경우에도 순례의 인장 1개가 소모됩니다.
- 탐사 가속 재료를 최대 수량 등록 후 잔여 시간이 감소한 경우, 등록한 수량이 아닌 잔여 시간에 따른 순례의 인장이 차감됩니다.

[근거 4] chunk_id=DOC-03-C0341, doc_id=DOC-03, title=5/21(목) 정기점검 업데이트 안내, lines=67-81, score=0.54
-
O
계정귀속
광휘의 행로 탐사 완료 시 정해진 확률로 다음의 아이템을 획득할 수 있습니다.
아이템 명
획득 가능 탐사
거래 타입
기억의 숲 탐사
단초의 길 탐사
핀더의 정원 탐사
에픽 소울
O
O
O
계정귀속

[근거 5] chunk_id=DOC-03-C0319, doc_id=DOC-03, title=5/21(목) 정기점검 업데이트 안내, lines=1-15, score=0.53
# 5/21(목) 정기점검 업데이트 안내
- doc_id: DOC-03
- doc_type: regular_update
- category: 일반
- posted_date: 2026.05.20
- source_url: https://df.nexon.com/community/news/update/2927392?categoryType=0
- fetched_at: 2026-05-27T22:36:01
광휘의 행로
광휘의 행로 시스템이 추가됩니다.
NPC '붉은 성화의 엘리아'의 '광휘의 행로' 메뉴를 통해 광휘의 행로를 진행할 수 있습니다.
탐사할 행로를 지정 후 순례의 인장과 빛의 출정령을 소모하여 탐사대를 파견하고, 일정 시간이 지난 후 보상을 획득할 수 있습니다.
- 명성 58,950 이상의 캐릭터로 탐사를 진행할 수 있습니다.
- 탐사는 계정 단위로 진행되며, 한 번에 하나의 탐사만 진행할 수 있습니다.
- 탐사 진행 시 접속 여부와 관계 없이 시간이 흘러갑니다.
- 매주 1회에 한해 '핀더의 정원 탐사'를 무료로 탐사할 수 있습니다.

[근거 6] chunk_id=DOC-03-C0342, doc_id=DOC-03, title=5/21(목) 정기점검 업데이트 안내, lines=70-84, score=0.52
광휘의 행로 탐사 완료 시 정해진 확률로 다음의 아이템을 획득할 수 있습니다.
아이템 명
획득 가능 탐사
거래 타입
기억의 숲 탐사
단초의 길 탐사
핀더의 정원 탐사
에픽 소울
O
O
O
계정귀속
태초 소울
O
O

[근거 7] chunk_id=DOC-03-C0329, doc_id=DOC-03, title=5/21(목) 정기점검 업데이트 안내, lines=31-45, score=0.52
이제 순례길에 있던 성지들은 교역의 거점이 되었다.
12시간
순례의 인장 360개
빛의 출정령 : 중기 1개
핀더의 정원 탐사
괴짜 핀더의 마법으로 보호되는 핀더의 정원.
하늘탑 마법사들의 도움을 받아 그곳에서 발견되는 신비한 자원을 채집한다.
20시간
순례의 인장 600개
빛의 출정령 : 장기 1개
탐사 보상
광휘의 행로 탐사 완료 시 확정적으로 다음의 아이템을 획득할 수 있습니다.
아이템 명
획득 가능 탐사
거래 타입

[근거 8] chunk_id=DOC-03-C0332, doc_id=DOC-03, title=5/21(목) 정기점검 업데이트 안내, lines=40-54, score=0.49
빛의 출정령 : 장기 1개
탐사 보상
광휘의 행로 탐사 완료 시 확정적으로 다음의 아이템을 획득할 수 있습니다.
아이템 명
획득 가능 탐사
거래 타입
기억의 숲 탐사
단초의 길 탐사
핀더의 정원 탐사
종말의 계시 1개 상자
O
O
O
계정귀속
종말의 계시 1개를 획득할 수 있습니다.",,,,,"명성 58,950 이상의 캐릭터로 광휘의 행로 탐사를 진행할 수 있습니다.",4.033,success,
Q011,DOC-03,condition,medium,광휘의 행로 탐사는 여러 개를 동시에 진행할 수 있는가?,"아니다. 탐사는 계정 단위로 진행되며, 한 번에 하나의 탐사만 진행할 수 있다.","탐사는 계정 단위로 진행되며, 한 번에 하나의 탐사만 진행할 수 있습니다.",동시 진행 불가와 계정 단위를 함께 답한다.,qwen3:4b-instruct-2507-q4_K_M,bge-m3,BAAI/bge-m3,DOC-03-C0321|DOC-03-C0320|DOC-03-C0322|DOC-03-C0319|DOC-03-C0341|DOC-03-C0329|DOC-03-C0342|DOC-03-C0332,DOC-03,0.655|0.625|0.622|0.594|0.551|0.542|0.529|0.529,"[근거 1] chunk_id=DOC-03-C0321, doc_id=DOC-03, title=5/21(목) 정기점검 업데이트 안내, lines=7-21, score=0.66
- fetched_at: 2026-05-27T22:36:01
광휘의 행로
광휘의 행로 시스템이 추가됩니다.
NPC '붉은 성화의 엘리아'의 '광휘의 행로' 메뉴를 통해 광휘의 행로를 진행할 수 있습니다.
탐사할 행로를 지정 후 순례의 인장과 빛의 출정령을 소모하여 탐사대를 파견하고, 일정 시간이 지난 후 보상을 획득할 수 있습니다.
- 명성 58,950 이상의 캐릭터로 탐사를 진행할 수 있습니다.
- 탐사는 계정 단위로 진행되며, 한 번에 하나의 탐사만 진행할 수 있습니다.
- 탐사 진행 시 접속 여부와 관계 없이 시간이 흘러갑니다.
- 매주 1회에 한해 '핀더의 정원 탐사'를 무료로 탐사할 수 있습니다.
순례의 인장 1개를 추가로 소모하여 잔여 탐사 시간을 2분씩 단축할 수 있습니다.
- 잔여 시간이 2분 미만인 경우에도 순례의 인장 1개가 소모됩니다.
- 탐사 가속 재료를 최대 수량 등록 후 잔여 시간이 감소한 경우, 등록한 수량이 아닌 잔여 시간에 따른 순례의 인장이 차감됩니다.
탐사 종류
구분
설명

[근거 2] chunk_id=DOC-03-C0320, doc_id=DOC-03, title=5/21(목) 정기점검 업데이트 안내, lines=4-18, score=0.62
- category: 일반
- posted_date: 2026.05.20
- source_url: https://df.nexon.com/community/news/update/2927392?categoryType=0
- fetched_at: 2026-05-27T22:36:01
광휘의 행로
광휘의 행로 시스템이 추가됩니다.
NPC '붉은 성화의 엘리아'의 '광휘의 행로' 메뉴를 통해 광휘의 행로를 진행할 수 있습니다.
탐사할 행로를 지정 후 순례의 인장과 빛의 출정령을 소모하여 탐사대를 파견하고, 일정 시간이 지난 후 보상을 획득할 수 있습니다.
- 명성 58,950 이상의 캐릭터로 탐사를 진행할 수 있습니다.
- 탐사는 계정 단위로 진행되며, 한 번에 하나의 탐사만 진행할 수 있습니다.
- 탐사 진행 시 접속 여부와 관계 없이 시간이 흘러갑니다.
- 매주 1회에 한해 '핀더의 정원 탐사'를 무료로 탐사할 수 있습니다.
순례의 인장 1개를 추가로 소모하여 잔여 탐사 시간을 2분씩 단축할 수 있습니다.
- 잔여 시간이 2분 미만인 경우에도 순례의 인장 1개가 소모됩니다.
- 탐사 가속 재료를 최대 수량 등록 후 잔여 시간이 감소한 경우, 등록한 수량이 아닌 잔여 시간에 따른 순례의 인장이 차감됩니다.

[근거 3] chunk_id=DOC-03-C0322, doc_id=DOC-03, title=5/21(목) 정기점검 업데이트 안내, lines=10-24, score=0.62
NPC '붉은 성화의 엘리아'의 '광휘의 행로' 메뉴를 통해 광휘의 행로를 진행할 수 있습니다.
탐사할 행로를 지정 후 순례의 인장과 빛의 출정령을 소모하여 탐사대를 파견하고, 일정 시간이 지난 후 보상을 획득할 수 있습니다.
- 명성 58,950 이상의 캐릭터로 탐사를 진행할 수 있습니다.
- 탐사는 계정 단위로 진행되며, 한 번에 하나의 탐사만 진행할 수 있습니다.
- 탐사 진행 시 접속 여부와 관계 없이 시간이 흘러갑니다.
- 매주 1회에 한해 '핀더의 정원 탐사'를 무료로 탐사할 수 있습니다.
순례의 인장 1개를 추가로 소모하여 잔여 탐사 시간을 2분씩 단축할 수 있습니다.
- 잔여 시간이 2분 미만인 경우에도 순례의 인장 1개가 소모됩니다.
- 탐사 가속 재료를 최대 수량 등록 후 잔여 시간이 감소한 경우, 등록한 수량이 아닌 잔여 시간에 따른 순례의 인장이 차감됩니다.
탐사 종류
구분
설명
탐사 시간
소모 재료
기억의 숲 탐사

[근거 4] chunk_id=DOC-03-C0319, doc_id=DOC-03, title=5/21(목) 정기점검 업데이트 안내, lines=1-15, score=0.59
# 5/21(목) 정기점검 업데이트 안내
- doc_id: DOC-03
- doc_type: regular_update
- category: 일반
- posted_date: 2026.05.20
- source_url: https://df.nexon.com/community/news/update/2927392?categoryType=0
- fetched_at: 2026-05-27T22:36:01
광휘의 행로
광휘의 행로 시스템이 추가됩니다.
NPC '붉은 성화의 엘리아'의 '광휘의 행로' 메뉴를 통해 광휘의 행로를 진행할 수 있습니다.
탐사할 행로를 지정 후 순례의 인장과 빛의 출정령을 소모하여 탐사대를 파견하고, 일정 시간이 지난 후 보상을 획득할 수 있습니다.
- 명성 58,950 이상의 캐릭터로 탐사를 진행할 수 있습니다.
- 탐사는 계정 단위로 진행되며, 한 번에 하나의 탐사만 진행할 수 있습니다.
- 탐사 진행 시 접속 여부와 관계 없이 시간이 흘러갑니다.
- 매주 1회에 한해 '핀더의 정원 탐사'를 무료로 탐사할 수 있습니다.

[근거 5] chunk_id=DOC-03-C0341, doc_id=DOC-03, title=5/21(목) 정기점검 업데이트 안내, lines=67-81, score=0.55
-
O
계정귀속
광휘의 행로 탐사 완료 시 정해진 확률로 다음의 아이템을 획득할 수 있습니다.
아이템 명
획득 가능 탐사
거래 타입
기억의 숲 탐사
단초의 길 탐사
핀더의 정원 탐사
에픽 소울
O
O
O
계정귀속

[근거 6] chunk_id=DOC-03-C0329, doc_id=DOC-03, title=5/21(목) 정기점검 업데이트 안내, lines=31-45, score=0.54
이제 순례길에 있던 성지들은 교역의 거점이 되었다.
12시간
순례의 인장 360개
빛의 출정령 : 중기 1개
핀더의 정원 탐사
괴짜 핀더의 마법으로 보호되는 핀더의 정원.
하늘탑 마법사들의 도움을 받아 그곳에서 발견되는 신비한 자원을 채집한다.
20시간
순례의 인장 600개
빛의 출정령 : 장기 1개
탐사 보상
광휘의 행로 탐사 완료 시 확정적으로 다음의 아이템을 획득할 수 있습니다.
아이템 명
획득 가능 탐사
거래 타입

[근거 7] chunk_id=DOC-03-C0342, doc_id=DOC-03, title=5/21(목) 정기점검 업데이트 안내, lines=70-84, score=0.53
광휘의 행로 탐사 완료 시 정해진 확률로 다음의 아이템을 획득할 수 있습니다.
아이템 명
획득 가능 탐사
거래 타입
기억의 숲 탐사
단초의 길 탐사
핀더의 정원 탐사
에픽 소울
O
O
O
계정귀속
태초 소울
O
O

[근거 8] chunk_id=DOC-03-C0332, doc_id=DOC-03, title=5/21(목) 정기점검 업데이트 안내, lines=40-54, score=0.53
빛의 출정령 : 장기 1개
탐사 보상
광휘의 행로 탐사 완료 시 확정적으로 다음의 아이템을 획득할 수 있습니다.
아이템 명
획득 가능 탐사
거래 타입
기억의 숲 탐사
단초의 길 탐사
핀더의 정원 탐사
종말의 계시 1개 상자
O
O
O
계정귀속
종말의 계시 1개를 획득할 수 있습니다.",,,,,"광휘의 행로는 한 번에 하나의 탐사만 진행할 수 있습니다.

- 탐사는 계정 단위로 진행됨  
- 한 번에 하나의 탐사만 가능  
- 탐사 진행 시 접속 여부와 관계 없이 시간이 흘러갑니다",4.447,success,
Q012,DOC-03,fact,medium,광휘의 행로에서 탐사 시간을 줄이려면 무엇을 얼마나 소모해야 하는가?,순례의 인장 1개를 추가로 소모하면 잔여 탐사 시간을 2분 단축할 수 있다.,순례의 인장 1개를 추가로 소모하여 잔여 탐사 시간을 2분씩 단축할 수 있습니다.,소모 재료와 단축 시간을 정확히 답한다.,qwen3:4b-instruct-2507-q4_K_M,bge-m3,BAAI/bge-m3,DOC-03-C0321|DOC-03-C0322|DOC-03-C0320|DOC-03-C0324|DOC-03-C0329|DOC-03-C0331|DOC-03-C0328|DOC-03-C0319,DOC-03,0.660|0.658|0.634|0.614|0.575|0.553|0.553|0.551,"[근거 1] chunk_id=DOC-03-C0321, doc_id=DOC-03, title=5/21(목) 정기점검 업데이트 안내, lines=7-21, score=0.66
- fetched_at: 2026-05-27T22:36:01
광휘의 행로
광휘의 행로 시스템이 추가됩니다.
NPC '붉은 성화의 엘리아'의 '광휘의 행로' 메뉴를 통해 광휘의 행로를 진행할 수 있습니다.
탐사할 행로를 지정 후 순례의 인장과 빛의 출정령을 소모하여 탐사대를 파견하고, 일정 시간이 지난 후 보상을 획득할 수 있습니다.
- 명성 58,950 이상의 캐릭터로 탐사를 진행할 수 있습니다.
- 탐사는 계정 단위로 진행되며, 한 번에 하나의 탐사만 진행할 수 있습니다.
- 탐사 진행 시 접속 여부와 관계 없이 시간이 흘러갑니다.
- 매주 1회에 한해 '핀더의 정원 탐사'를 무료로 탐사할 수 있습니다.
순례의 인장 1개를 추가로 소모하여 잔여 탐사 시간을 2분씩 단축할 수 있습니다.
- 잔여 시간이 2분 미만인 경우에도 순례의 인장 1개가 소모됩니다.
- 탐사 가속 재료를 최대 수량 등록 후 잔여 시간이 감소한 경우, 등록한 수량이 아닌 잔여 시간에 따른 순례의 인장이 차감됩니다.
탐사 종류
구분
설명

[근거 2] chunk_id=DOC-03-C0322, doc_id=DOC-03, title=5/21(목) 정기점검 업데이트 안내, lines=10-24, score=0.66
NPC '붉은 성화의 엘리아'의 '광휘의 행로' 메뉴를 통해 광휘의 행로를 진행할 수 있습니다.
탐사할 행로를 지정 후 순례의 인장과 빛의 출정령을 소모하여 탐사대를 파견하고, 일정 시간이 지난 후 보상을 획득할 수 있습니다.
- 명성 58,950 이상의 캐릭터로 탐사를 진행할 수 있습니다.
- 탐사는 계정 단위로 진행되며, 한 번에 하나의 탐사만 진행할 수 있습니다.
- 탐사 진행 시 접속 여부와 관계 없이 시간이 흘러갑니다.
- 매주 1회에 한해 '핀더의 정원 탐사'를 무료로 탐사할 수 있습니다.
순례의 인장 1개를 추가로 소모하여 잔여 탐사 시간을 2분씩 단축할 수 있습니다.
- 잔여 시간이 2분 미만인 경우에도 순례의 인장 1개가 소모됩니다.
- 탐사 가속 재료를 최대 수량 등록 후 잔여 시간이 감소한 경우, 등록한 수량이 아닌 잔여 시간에 따른 순례의 인장이 차감됩니다.
탐사 종류
구분
설명
탐사 시간
소모 재료
기억의 숲 탐사

[근거 3] chunk_id=DOC-03-C0320, doc_id=DOC-03, title=5/21(목) 정기점검 업데이트 안내, lines=4-18, score=0.63
- category: 일반
- posted_date: 2026.05.20
- source_url: https://df.nexon.com/community/news/update/2927392?categoryType=0
- fetched_at: 2026-05-27T22:36:01
광휘의 행로
광휘의 행로 시스템이 추가됩니다.
NPC '붉은 성화의 엘리아'의 '광휘의 행로' 메뉴를 통해 광휘의 행로를 진행할 수 있습니다.
탐사할 행로를 지정 후 순례의 인장과 빛의 출정령을 소모하여 탐사대를 파견하고, 일정 시간이 지난 후 보상을 획득할 수 있습니다.
- 명성 58,950 이상의 캐릭터로 탐사를 진행할 수 있습니다.
- 탐사는 계정 단위로 진행되며, 한 번에 하나의 탐사만 진행할 수 있습니다.
- 탐사 진행 시 접속 여부와 관계 없이 시간이 흘러갑니다.
- 매주 1회에 한해 '핀더의 정원 탐사'를 무료로 탐사할 수 있습니다.
순례의 인장 1개를 추가로 소모하여 잔여 탐사 시간을 2분씩 단축할 수 있습니다.
- 잔여 시간이 2분 미만인 경우에도 순례의 인장 1개가 소모됩니다.
- 탐사 가속 재료를 최대 수량 등록 후 잔여 시간이 감소한 경우, 등록한 수량이 아닌 잔여 시간에 따른 순례의 인장이 차감됩니다.

[근거 4] chunk_id=DOC-03-C0324, doc_id=DOC-03, title=5/21(목) 정기점검 업데이트 안내, lines=16-30, score=0.61
순례의 인장 1개를 추가로 소모하여 잔여 탐사 시간을 2분씩 단축할 수 있습니다.
- 잔여 시간이 2분 미만인 경우에도 순례의 인장 1개가 소모됩니다.
- 탐사 가속 재료를 최대 수량 등록 후 잔여 시간이 감소한 경우, 등록한 수량이 아닌 잔여 시간에 따른 순례의 인장이 차감됩니다.
탐사 종류
구분
설명
탐사 시간
소모 재료
기억의 숲 탐사
평소 진입이 금지되었던 기억의 숲을 지나는 위험한 교역로.
4시간
순례의 인장 120개
빛의 출정령 : 단기 1개
단초의 길 탐사
종말의 도래로 사라진 순례자들.

[근거 5] chunk_id=DOC-03-C0329, doc_id=DOC-03, title=5/21(목) 정기점검 업데이트 안내, lines=31-45, score=0.58
이제 순례길에 있던 성지들은 교역의 거점이 되었다.
12시간
순례의 인장 360개
빛의 출정령 : 중기 1개
핀더의 정원 탐사
괴짜 핀더의 마법으로 보호되는 핀더의 정원.
하늘탑 마법사들의 도움을 받아 그곳에서 발견되는 신비한 자원을 채집한다.
20시간
순례의 인장 600개
빛의 출정령 : 장기 1개
탐사 보상
광휘의 행로 탐사 완료 시 확정적으로 다음의 아이템을 획득할 수 있습니다.
아이템 명
획득 가능 탐사
거래 타입

[근거 6] chunk_id=DOC-03-C0331, doc_id=DOC-03, title=5/21(목) 정기점검 업데이트 안내, lines=37-51, score=0.55
하늘탑 마법사들의 도움을 받아 그곳에서 발견되는 신비한 자원을 채집한다.
20시간
순례의 인장 600개
빛의 출정령 : 장기 1개
탐사 보상
광휘의 행로 탐사 완료 시 확정적으로 다음의 아이템을 획득할 수 있습니다.
아이템 명
획득 가능 탐사
거래 타입
기억의 숲 탐사
단초의 길 탐사
핀더의 정원 탐사
종말의 계시 1개 상자
O
O

[근거 7] chunk_id=DOC-03-C0328, doc_id=DOC-03, title=5/21(목) 정기점검 업데이트 안내, lines=28-42, score=0.55
빛의 출정령 : 단기 1개
단초의 길 탐사
종말의 도래로 사라진 순례자들.
이제 순례길에 있던 성지들은 교역의 거점이 되었다.
12시간
순례의 인장 360개
빛의 출정령 : 중기 1개
핀더의 정원 탐사
괴짜 핀더의 마법으로 보호되는 핀더의 정원.
하늘탑 마법사들의 도움을 받아 그곳에서 발견되는 신비한 자원을 채집한다.
20시간
순례의 인장 600개
빛의 출정령 : 장기 1개
탐사 보상
광휘의 행로 탐사 완료 시 확정적으로 다음의 아이템을 획득할 수 있습니다.

[근거 8] chunk_id=DOC-03-C0319, doc_id=DOC-03, title=5/21(목) 정기점검 업데이트 안내, lines=1-15, score=0.55
# 5/21(목) 정기점검 업데이트 안내
- doc_id: DOC-03
- doc_type: regular_update
- category: 일반
- posted_date: 2026.05.20
- source_url: https://df.nexon.com/community/news/update/2927392?categoryType=0
- fetched_at: 2026-05-27T22:36:01
광휘의 행로
광휘의 행로 시스템이 추가됩니다.
NPC '붉은 성화의 엘리아'의 '광휘의 행로' 메뉴를 통해 광휘의 행로를 진행할 수 있습니다.
탐사할 행로를 지정 후 순례의 인장과 빛의 출정령을 소모하여 탐사대를 파견하고, 일정 시간이 지난 후 보상을 획득할 수 있습니다.
- 명성 58,950 이상의 캐릭터로 탐사를 진행할 수 있습니다.
- 탐사는 계정 단위로 진행되며, 한 번에 하나의 탐사만 진행할 수 있습니다.
- 탐사 진행 시 접속 여부와 관계 없이 시간이 흘러갑니다.
- 매주 1회에 한해 '핀더의 정원 탐사'를 무료로 탐사할 수 있습니다.",,,,,"순례의 인장 1개를 소모하여 잔여 탐사 시간을 2분씩 단축할 수 있습니다.  
- 잔여 시간이 2분 미만인 경우에도 순례의 인장 1개가 소모됩니다.  
- 탐사 가속 재료를 최대 수량 등록 후 잔여 시간이 감소하면, 등록한 수량보다 잔여 시간에 따라 순례의 인장이 차감됩니다.",5.069,success,
Q013,DOC-03,comparison,medium,"기억의 숲 탐사, 단초의 길 탐사, 핀더의 정원 탐사의 탐사 시간은 각각 얼마인가?","기억의 숲 탐사는 4시간, 단초의 길 탐사는 12시간, 핀더의 정원 탐사는 20시간이다.",기억의 숲 탐사 / 4시간 / 단초의 길 탐사 / 12시간 / 핀더의 정원 탐사 / 20시간,세 탐사의 시간을 모두 비교해 답한다.,qwen3:4b-instruct-2507-q4_K_M,bge-m3,BAAI/bge-m3,DOC-03-C0326|DOC-03-C0323|DOC-03-C0327|DOC-03-C0325|DOC-03-C0328|DOC-03-C0330|DOC-03-C0324|DOC-03-C0329,DOC-03,0.722|0.696|0.680|0.670|0.630|0.618|0.617|0.575,"[근거 1] chunk_id=DOC-03-C0326, doc_id=DOC-03, title=5/21(목) 정기점검 업데이트 안내, lines=22-36, score=0.72
탐사 시간
소모 재료
기억의 숲 탐사
평소 진입이 금지되었던 기억의 숲을 지나는 위험한 교역로.
4시간
순례의 인장 120개
빛의 출정령 : 단기 1개
단초의 길 탐사
종말의 도래로 사라진 순례자들.
이제 순례길에 있던 성지들은 교역의 거점이 되었다.
12시간
순례의 인장 360개
빛의 출정령 : 중기 1개
핀더의 정원 탐사
괴짜 핀더의 마법으로 보호되는 핀더의 정원.

[근거 2] chunk_id=DOC-03-C0323, doc_id=DOC-03, title=5/21(목) 정기점검 업데이트 안내, lines=13-27, score=0.70
- 탐사는 계정 단위로 진행되며, 한 번에 하나의 탐사만 진행할 수 있습니다.
- 탐사 진행 시 접속 여부와 관계 없이 시간이 흘러갑니다.
- 매주 1회에 한해 '핀더의 정원 탐사'를 무료로 탐사할 수 있습니다.
순례의 인장 1개를 추가로 소모하여 잔여 탐사 시간을 2분씩 단축할 수 있습니다.
- 잔여 시간이 2분 미만인 경우에도 순례의 인장 1개가 소모됩니다.
- 탐사 가속 재료를 최대 수량 등록 후 잔여 시간이 감소한 경우, 등록한 수량이 아닌 잔여 시간에 따른 순례의 인장이 차감됩니다.
탐사 종류
구분
설명
탐사 시간
소모 재료
기억의 숲 탐사
평소 진입이 금지되었던 기억의 숲을 지나는 위험한 교역로.
4시간
순례의 인장 120개

[근거 3] chunk_id=DOC-03-C0327, doc_id=DOC-03, title=5/21(목) 정기점검 업데이트 안내, lines=25-39, score=0.68
평소 진입이 금지되었던 기억의 숲을 지나는 위험한 교역로.
4시간
순례의 인장 120개
빛의 출정령 : 단기 1개
단초의 길 탐사
종말의 도래로 사라진 순례자들.
이제 순례길에 있던 성지들은 교역의 거점이 되었다.
12시간
순례의 인장 360개
빛의 출정령 : 중기 1개
핀더의 정원 탐사
괴짜 핀더의 마법으로 보호되는 핀더의 정원.
하늘탑 마법사들의 도움을 받아 그곳에서 발견되는 신비한 자원을 채집한다.
20시간
순례의 인장 600개

[근거 4] chunk_id=DOC-03-C0325, doc_id=DOC-03, title=5/21(목) 정기점검 업데이트 안내, lines=19-33, score=0.67
탐사 종류
구분
설명
탐사 시간
소모 재료
기억의 숲 탐사
평소 진입이 금지되었던 기억의 숲을 지나는 위험한 교역로.
4시간
순례의 인장 120개
빛의 출정령 : 단기 1개
단초의 길 탐사
종말의 도래로 사라진 순례자들.
이제 순례길에 있던 성지들은 교역의 거점이 되었다.
12시간
순례의 인장 360개

[근거 5] chunk_id=DOC-03-C0328, doc_id=DOC-03, title=5/21(목) 정기점검 업데이트 안내, lines=28-42, score=0.63
빛의 출정령 : 단기 1개
단초의 길 탐사
종말의 도래로 사라진 순례자들.
이제 순례길에 있던 성지들은 교역의 거점이 되었다.
12시간
순례의 인장 360개
빛의 출정령 : 중기 1개
핀더의 정원 탐사
괴짜 핀더의 마법으로 보호되는 핀더의 정원.
하늘탑 마법사들의 도움을 받아 그곳에서 발견되는 신비한 자원을 채집한다.
20시간
순례의 인장 600개
빛의 출정령 : 장기 1개
탐사 보상
광휘의 행로 탐사 완료 시 확정적으로 다음의 아이템을 획득할 수 있습니다.

[근거 6] chunk_id=DOC-03-C0330, doc_id=DOC-03, title=5/21(목) 정기점검 업데이트 안내, lines=34-48, score=0.62
빛의 출정령 : 중기 1개
핀더의 정원 탐사
괴짜 핀더의 마법으로 보호되는 핀더의 정원.
하늘탑 마법사들의 도움을 받아 그곳에서 발견되는 신비한 자원을 채집한다.
20시간
순례의 인장 600개
빛의 출정령 : 장기 1개
탐사 보상
광휘의 행로 탐사 완료 시 확정적으로 다음의 아이템을 획득할 수 있습니다.
아이템 명
획득 가능 탐사
거래 타입
기억의 숲 탐사
단초의 길 탐사
핀더의 정원 탐사

[근거 7] chunk_id=DOC-03-C0324, doc_id=DOC-03, title=5/21(목) 정기점검 업데이트 안내, lines=16-30, score=0.62
순례의 인장 1개를 추가로 소모하여 잔여 탐사 시간을 2분씩 단축할 수 있습니다.
- 잔여 시간이 2분 미만인 경우에도 순례의 인장 1개가 소모됩니다.
- 탐사 가속 재료를 최대 수량 등록 후 잔여 시간이 감소한 경우, 등록한 수량이 아닌 잔여 시간에 따른 순례의 인장이 차감됩니다.
탐사 종류
구분
설명
탐사 시간
소모 재료
기억의 숲 탐사
평소 진입이 금지되었던 기억의 숲을 지나는 위험한 교역로.
4시간
순례의 인장 120개
빛의 출정령 : 단기 1개
단초의 길 탐사
종말의 도래로 사라진 순례자들.

[근거 8] chunk_id=DOC-03-C0329, doc_id=DOC-03, title=5/21(목) 정기점검 업데이트 안내, lines=31-45, score=0.57
이제 순례길에 있던 성지들은 교역의 거점이 되었다.
12시간
순례의 인장 360개
빛의 출정령 : 중기 1개
핀더의 정원 탐사
괴짜 핀더의 마법으로 보호되는 핀더의 정원.
하늘탑 마법사들의 도움을 받아 그곳에서 발견되는 신비한 자원을 채집한다.
20시간
순례의 인장 600개
빛의 출정령 : 장기 1개
탐사 보상
광휘의 행로 탐사 완료 시 확정적으로 다음의 아이템을 획득할 수 있습니다.
아이템 명
획득 가능 탐사
거래 타입",,,,,"- 기억의 숲 탐사: 4시간  
- 단초의 길 탐사: 12시간  
- 핀더의 정원 탐사: 20시간",4.324,success,
Q014,DOC-04,fact,easy,최후의 과업 라이브 서버 업데이트에서 몬스터 HP는 어떻게 조정되는가?,몬스터 HP가 10% 일괄 하향된다.,몬스터 HP 10% 일괄 하향 및 성화 작열 HP 감소량 40%에서 30%로 조정,수치와 방향을 정확히 답한다.,qwen3:4b-instruct-2507-q4_K_M,bge-m3,BAAI/bge-m3,DOC-04-C0387|DOC-04-C0386|DOC-04-C0385|DOC-04-C0384|DOC-04-C0389|DOC-04-C0390|DOC-03-C0363|DOC-04-C0388,DOC-04|DOC-03,0.768|0.763|0.752|0.740|0.677|0.671|0.632|0.627,"[근거 1] chunk_id=DOC-04-C0387, doc_id=DOC-04, title=최후의 과업 업데이트, lines=10-24, score=0.77
먼저, 퍼스트 서버를 통해 '최후의 과업'을 미리 체험하고 소중한 후기를 남겨주신 많은 모험가님께 깊은 감사의 말씀을 드립니다.
보내주신 의견을 면밀히 검토하여, 모험가 여러분의 강해진 스펙이 플레이 경험에 더 반영될 수 있도록 라이브 서버 업데이트 시 다음과 같이 조정될 예정입니다.
몬스터 HP 10% 일괄 하향 및 성화 작열 HP 감소량 40%에서 30%로 조정
신야, 밀란 로젠바흐의 핵심 패턴 발동 시작 시점 개선
소중한 시간을 내어 피드백을 주신 모험가님들께 다시 한번 감사드립니다.
다음으로, 지난 노트에서 말씀드렸던 제휴 아바타와 관련하여 죄송한 안내 사항이 있습니다.
제작하는 과정에서 검토가 필요한 부분이 발생하여, 일정을 향후로 조정하게 되었습니다.
확정 시 추가 안내 드리도록 하겠습니다.
감사합니다.
(추가) 혼란을 드려 죄송합니다. 최후의 과업 HP와 성화 작열 공지에 대한 부연설명 드립니다.
퍼스트 서버 HP를 100으로 했을 때, 라이브 서버 HP는 90이 되고, 성화 작열로 인해 감소하는 HP는 30이 됩니다.
시놉시스
신께 청하나이다.
오래전 성전에서 그러했듯
저희는 다시 한번 성자의 곁에 서고자 하나이다.

[근거 2] chunk_id=DOC-04-C0386, doc_id=DOC-04, title=최후의 과업 업데이트, lines=7-21, score=0.76
- fetched_at: 2026-05-27T22:36:01
디렉터 코멘트
안녕하세요. 던전앤파이터 총괄 디렉터 박종민입니다.
먼저, 퍼스트 서버를 통해 '최후의 과업'을 미리 체험하고 소중한 후기를 남겨주신 많은 모험가님께 깊은 감사의 말씀을 드립니다.
보내주신 의견을 면밀히 검토하여, 모험가 여러분의 강해진 스펙이 플레이 경험에 더 반영될 수 있도록 라이브 서버 업데이트 시 다음과 같이 조정될 예정입니다.
몬스터 HP 10% 일괄 하향 및 성화 작열 HP 감소량 40%에서 30%로 조정
신야, 밀란 로젠바흐의 핵심 패턴 발동 시작 시점 개선
소중한 시간을 내어 피드백을 주신 모험가님들께 다시 한번 감사드립니다.
다음으로, 지난 노트에서 말씀드렸던 제휴 아바타와 관련하여 죄송한 안내 사항이 있습니다.
제작하는 과정에서 검토가 필요한 부분이 발생하여, 일정을 향후로 조정하게 되었습니다.
확정 시 추가 안내 드리도록 하겠습니다.
감사합니다.
(추가) 혼란을 드려 죄송합니다. 최후의 과업 HP와 성화 작열 공지에 대한 부연설명 드립니다.
퍼스트 서버 HP를 100으로 했을 때, 라이브 서버 HP는 90이 되고, 성화 작열로 인해 감소하는 HP는 30이 됩니다.
시놉시스

[근거 3] chunk_id=DOC-04-C0385, doc_id=DOC-04, title=최후의 과업 업데이트, lines=4-18, score=0.75
- category: 주요
- posted_date: 2026.05.13
- source_url: https://df.nexon.com/community/news/update/2927335?categoryType=0
- fetched_at: 2026-05-27T22:36:01
디렉터 코멘트
안녕하세요. 던전앤파이터 총괄 디렉터 박종민입니다.
먼저, 퍼스트 서버를 통해 '최후의 과업'을 미리 체험하고 소중한 후기를 남겨주신 많은 모험가님께 깊은 감사의 말씀을 드립니다.
보내주신 의견을 면밀히 검토하여, 모험가 여러분의 강해진 스펙이 플레이 경험에 더 반영될 수 있도록 라이브 서버 업데이트 시 다음과 같이 조정될 예정입니다.
몬스터 HP 10% 일괄 하향 및 성화 작열 HP 감소량 40%에서 30%로 조정
신야, 밀란 로젠바흐의 핵심 패턴 발동 시작 시점 개선
소중한 시간을 내어 피드백을 주신 모험가님들께 다시 한번 감사드립니다.
다음으로, 지난 노트에서 말씀드렸던 제휴 아바타와 관련하여 죄송한 안내 사항이 있습니다.
제작하는 과정에서 검토가 필요한 부분이 발생하여, 일정을 향후로 조정하게 되었습니다.
확정 시 추가 안내 드리도록 하겠습니다.
감사합니다.

[근거 4] chunk_id=DOC-04-C0384, doc_id=DOC-04, title=최후의 과업 업데이트, lines=1-15, score=0.74
# 최후의 과업 업데이트
- doc_id: DOC-04
- doc_type: main_update
- category: 주요
- posted_date: 2026.05.13
- source_url: https://df.nexon.com/community/news/update/2927335?categoryType=0
- fetched_at: 2026-05-27T22:36:01
디렉터 코멘트
안녕하세요. 던전앤파이터 총괄 디렉터 박종민입니다.
먼저, 퍼스트 서버를 통해 '최후의 과업'을 미리 체험하고 소중한 후기를 남겨주신 많은 모험가님께 깊은 감사의 말씀을 드립니다.
보내주신 의견을 면밀히 검토하여, 모험가 여러분의 강해진 스펙이 플레이 경험에 더 반영될 수 있도록 라이브 서버 업데이트 시 다음과 같이 조정될 예정입니다.
몬스터 HP 10% 일괄 하향 및 성화 작열 HP 감소량 40%에서 30%로 조정
신야, 밀란 로젠바흐의 핵심 패턴 발동 시작 시점 개선
소중한 시간을 내어 피드백을 주신 모험가님들께 다시 한번 감사드립니다.
다음으로, 지난 노트에서 말씀드렸던 제휴 아바타와 관련하여 죄송한 안내 사항이 있습니다.

[근거 5] chunk_id=DOC-04-C0389, doc_id=DOC-04, title=최후의 과업 업데이트, lines=16-30, score=0.68
제작하는 과정에서 검토가 필요한 부분이 발생하여, 일정을 향후로 조정하게 되었습니다.
확정 시 추가 안내 드리도록 하겠습니다.
감사합니다.
(추가) 혼란을 드려 죄송합니다. 최후의 과업 HP와 성화 작열 공지에 대한 부연설명 드립니다.
퍼스트 서버 HP를 100으로 했을 때, 라이브 서버 HP는 90이 되고, 성화 작열로 인해 감소하는 HP는 30이 됩니다.
시놉시스
신께 청하나이다.
오래전 성전에서 그러했듯
저희는 다시 한번 성자의 곁에 서고자 하나이다.
당신의 뜻을 받들어 흩어진 빛을 하나로 모으고
각자의 신념과 방식으로 성자를 지키기 위한 길에 오르나이다.
홀로 고통을 짊어진 성자를 굽어살피시고
저희의 기도가 그의 곁에 닿게 하소서.
빛으로 빛을 구원할지니
그의 마음에 드리운 어둠을 거두어 주시옵소서.

[근거 6] chunk_id=DOC-04-C0390, doc_id=DOC-04, title=최후의 과업 업데이트, lines=19-33, score=0.67
(추가) 혼란을 드려 죄송합니다. 최후의 과업 HP와 성화 작열 공지에 대한 부연설명 드립니다.
퍼스트 서버 HP를 100으로 했을 때, 라이브 서버 HP는 90이 되고, 성화 작열로 인해 감소하는 HP는 30이 됩니다.
시놉시스
신께 청하나이다.
오래전 성전에서 그러했듯
저희는 다시 한번 성자의 곁에 서고자 하나이다.
당신의 뜻을 받들어 흩어진 빛을 하나로 모으고
각자의 신념과 방식으로 성자를 지키기 위한 길에 오르나이다.
홀로 고통을 짊어진 성자를 굽어살피시고
저희의 기도가 그의 곁에 닿게 하소서.
빛으로 빛을 구원할지니
그의 마음에 드리운 어둠을 거두어 주시옵소서.
저희의 기도로
저희의 믿음으로
꺼져가는 그의 마음에 다시 빛이 들게 하소서.

[근거 7] chunk_id=DOC-03-C0363, doc_id=DOC-03, title=5/21(목) 정기점검 업데이트 안내, lines=133-147, score=0.63
배교자의 성 - 종말에 물든 비올렌티아 등장 연출 시, 타격이 가능하도록 수정됩니다.
역설의 미궁 - 기록 없는 성채, 신을 등진 자의 여정 던전에서 창/방패 위치가 조절됩니다.
최후의 과업 - '성화 작열' 성공 시 감소하는 몬스터 HP량이 최대 HP 기준 40%로 변경됩니다.
최후의 과업 - 신야 : '희생은 각오되어 있다네.' 패턴 시 최종 동작 실행 전까지 무력화 발생이 가능하도록 개선됩니다.
최후의 과업 - 샤피로 그라시아 : 일부 효과음이 추가됩니다.
역설의 미궁 - 기록없는 성채 던전에서 베리디쿠스 등장 연출이 제거됩니다.
게임 종료 팝업 - 콘텐츠 보상 횟수 초기화 안내의 레기온 던전이 통합 보상 횟수 기준에 맞게 출력이 개선됩니다.
코스믹 어드벤처 패키지 - 일부 구성품 툴팁에 6월 4일 업데이트 예정인 신규 캐릭터/전직 관련 안내가 추가됩니다.
단진의 특별 상점 - 일부 구성품 툴팁에 6월 4일 업데이트 예정인 신규 캐릭터/전직 관련 안내가 추가됩니다.
찾아라! 우주에 숨겨진 보물 - 게임 접속 시, 보물찾기가 가능할 경우 HUD 아이콘에 알림이 표시됩니다.
아바타 마켓 - 판매가 최대 금액 입력 알림 문구가 변경됩니다.
버그수정
던전
최후의 과업 - 플레이어 사망 시 간헐적으로 좌상단 정보창에 던전 이동 Ready 문구가 표시되는 현상이 수정됩니다.
최후의 과업 - 몬스터 공통 : 간헐적으로 몬스터가 정상적으로 격파되지 않는 현상이 수정됩니다.

[근거 8] chunk_id=DOC-04-C0388, doc_id=DOC-04, title=최후의 과업 업데이트, lines=13-27, score=0.63
신야, 밀란 로젠바흐의 핵심 패턴 발동 시작 시점 개선
소중한 시간을 내어 피드백을 주신 모험가님들께 다시 한번 감사드립니다.
다음으로, 지난 노트에서 말씀드렸던 제휴 아바타와 관련하여 죄송한 안내 사항이 있습니다.
제작하는 과정에서 검토가 필요한 부분이 발생하여, 일정을 향후로 조정하게 되었습니다.
확정 시 추가 안내 드리도록 하겠습니다.
감사합니다.
(추가) 혼란을 드려 죄송합니다. 최후의 과업 HP와 성화 작열 공지에 대한 부연설명 드립니다.
퍼스트 서버 HP를 100으로 했을 때, 라이브 서버 HP는 90이 되고, 성화 작열로 인해 감소하는 HP는 30이 됩니다.
시놉시스
신께 청하나이다.
오래전 성전에서 그러했듯
저희는 다시 한번 성자의 곁에 서고자 하나이다.
당신의 뜻을 받들어 흩어진 빛을 하나로 모으고
각자의 신념과 방식으로 성자를 지키기 위한 길에 오르나이다.
홀로 고통을 짊어진 성자를 굽어살피시고",,,,,"최후의 과업 라이브 서버 업데이트에서 몬스터 HP는 다음과 같이 조정됩니다.

- 몬스터의 최대 HP 기준으로 성화 작열 시 감소하는 HP량이 40%에서 30%로 변경됩니다.  
- 이 조정은 퍼스트 서버에서 HP가 100일 때 라이브 서버에서 90이 되며, 성화 작열 시 감소하는 HP는 30이 됩니다.",5.797,success,
Q015,DOC-04,fact,easy,성화 작열 HP 감소량은 몇 퍼센트에서 몇 퍼센트로 조정되는가?,성화 작열 HP 감소량은 40%에서 30%로 조정된다.,성화 작열 HP 감소량 40%에서 30%로 조정,변경 전후 수치를 답한다.,qwen3:4b-instruct-2507-q4_K_M,bge-m3,BAAI/bge-m3,DOC-04-C0387|DOC-04-C0386|DOC-04-C0390|DOC-04-C0389|DOC-04-C0385|DOC-04-C0481|DOC-04-C0388|DOC-04-C0501,DOC-04,0.651|0.645|0.616|0.601|0.574|0.569|0.535|0.531,"[근거 1] chunk_id=DOC-04-C0387, doc_id=DOC-04, title=최후의 과업 업데이트, lines=10-24, score=0.65
먼저, 퍼스트 서버를 통해 '최후의 과업'을 미리 체험하고 소중한 후기를 남겨주신 많은 모험가님께 깊은 감사의 말씀을 드립니다.
보내주신 의견을 면밀히 검토하여, 모험가 여러분의 강해진 스펙이 플레이 경험에 더 반영될 수 있도록 라이브 서버 업데이트 시 다음과 같이 조정될 예정입니다.
몬스터 HP 10% 일괄 하향 및 성화 작열 HP 감소량 40%에서 30%로 조정
신야, 밀란 로젠바흐의 핵심 패턴 발동 시작 시점 개선
소중한 시간을 내어 피드백을 주신 모험가님들께 다시 한번 감사드립니다.
다음으로, 지난 노트에서 말씀드렸던 제휴 아바타와 관련하여 죄송한 안내 사항이 있습니다.
제작하는 과정에서 검토가 필요한 부분이 발생하여, 일정을 향후로 조정하게 되었습니다.
확정 시 추가 안내 드리도록 하겠습니다.
감사합니다.
(추가) 혼란을 드려 죄송합니다. 최후의 과업 HP와 성화 작열 공지에 대한 부연설명 드립니다.
퍼스트 서버 HP를 100으로 했을 때, 라이브 서버 HP는 90이 되고, 성화 작열로 인해 감소하는 HP는 30이 됩니다.
시놉시스
신께 청하나이다.
오래전 성전에서 그러했듯
저희는 다시 한번 성자의 곁에 서고자 하나이다.

[근거 2] chunk_id=DOC-04-C0386, doc_id=DOC-04, title=최후의 과업 업데이트, lines=7-21, score=0.65
- fetched_at: 2026-05-27T22:36:01
디렉터 코멘트
안녕하세요. 던전앤파이터 총괄 디렉터 박종민입니다.
먼저, 퍼스트 서버를 통해 '최후의 과업'을 미리 체험하고 소중한 후기를 남겨주신 많은 모험가님께 깊은 감사의 말씀을 드립니다.
보내주신 의견을 면밀히 검토하여, 모험가 여러분의 강해진 스펙이 플레이 경험에 더 반영될 수 있도록 라이브 서버 업데이트 시 다음과 같이 조정될 예정입니다.
몬스터 HP 10% 일괄 하향 및 성화 작열 HP 감소량 40%에서 30%로 조정
신야, 밀란 로젠바흐의 핵심 패턴 발동 시작 시점 개선
소중한 시간을 내어 피드백을 주신 모험가님들께 다시 한번 감사드립니다.
다음으로, 지난 노트에서 말씀드렸던 제휴 아바타와 관련하여 죄송한 안내 사항이 있습니다.
제작하는 과정에서 검토가 필요한 부분이 발생하여, 일정을 향후로 조정하게 되었습니다.
확정 시 추가 안내 드리도록 하겠습니다.
감사합니다.
(추가) 혼란을 드려 죄송합니다. 최후의 과업 HP와 성화 작열 공지에 대한 부연설명 드립니다.
퍼스트 서버 HP를 100으로 했을 때, 라이브 서버 HP는 90이 되고, 성화 작열로 인해 감소하는 HP는 30이 됩니다.
시놉시스

[근거 3] chunk_id=DOC-04-C0390, doc_id=DOC-04, title=최후의 과업 업데이트, lines=19-33, score=0.62
(추가) 혼란을 드려 죄송합니다. 최후의 과업 HP와 성화 작열 공지에 대한 부연설명 드립니다.
퍼스트 서버 HP를 100으로 했을 때, 라이브 서버 HP는 90이 되고, 성화 작열로 인해 감소하는 HP는 30이 됩니다.
시놉시스
신께 청하나이다.
오래전 성전에서 그러했듯
저희는 다시 한번 성자의 곁에 서고자 하나이다.
당신의 뜻을 받들어 흩어진 빛을 하나로 모으고
각자의 신념과 방식으로 성자를 지키기 위한 길에 오르나이다.
홀로 고통을 짊어진 성자를 굽어살피시고
저희의 기도가 그의 곁에 닿게 하소서.
빛으로 빛을 구원할지니
그의 마음에 드리운 어둠을 거두어 주시옵소서.
저희의 기도로
저희의 믿음으로
꺼져가는 그의 마음에 다시 빛이 들게 하소서.

[근거 4] chunk_id=DOC-04-C0389, doc_id=DOC-04, title=최후의 과업 업데이트, lines=16-30, score=0.60
제작하는 과정에서 검토가 필요한 부분이 발생하여, 일정을 향후로 조정하게 되었습니다.
확정 시 추가 안내 드리도록 하겠습니다.
감사합니다.
(추가) 혼란을 드려 죄송합니다. 최후의 과업 HP와 성화 작열 공지에 대한 부연설명 드립니다.
퍼스트 서버 HP를 100으로 했을 때, 라이브 서버 HP는 90이 되고, 성화 작열로 인해 감소하는 HP는 30이 됩니다.
시놉시스
신께 청하나이다.
오래전 성전에서 그러했듯
저희는 다시 한번 성자의 곁에 서고자 하나이다.
당신의 뜻을 받들어 흩어진 빛을 하나로 모으고
각자의 신념과 방식으로 성자를 지키기 위한 길에 오르나이다.
홀로 고통을 짊어진 성자를 굽어살피시고
저희의 기도가 그의 곁에 닿게 하소서.
빛으로 빛을 구원할지니
그의 마음에 드리운 어둠을 거두어 주시옵소서.

[근거 5] chunk_id=DOC-04-C0385, doc_id=DOC-04, title=최후의 과업 업데이트, lines=4-18, score=0.57
- category: 주요
- posted_date: 2026.05.13
- source_url: https://df.nexon.com/community/news/update/2927335?categoryType=0
- fetched_at: 2026-05-27T22:36:01
디렉터 코멘트
안녕하세요. 던전앤파이터 총괄 디렉터 박종민입니다.
먼저, 퍼스트 서버를 통해 '최후의 과업'을 미리 체험하고 소중한 후기를 남겨주신 많은 모험가님께 깊은 감사의 말씀을 드립니다.
보내주신 의견을 면밀히 검토하여, 모험가 여러분의 강해진 스펙이 플레이 경험에 더 반영될 수 있도록 라이브 서버 업데이트 시 다음과 같이 조정될 예정입니다.
몬스터 HP 10% 일괄 하향 및 성화 작열 HP 감소량 40%에서 30%로 조정
신야, 밀란 로젠바흐의 핵심 패턴 발동 시작 시점 개선
소중한 시간을 내어 피드백을 주신 모험가님들께 다시 한번 감사드립니다.
다음으로, 지난 노트에서 말씀드렸던 제휴 아바타와 관련하여 죄송한 안내 사항이 있습니다.
제작하는 과정에서 검토가 필요한 부분이 발생하여, 일정을 향후로 조정하게 되었습니다.
확정 시 추가 안내 드리도록 하겠습니다.
감사합니다.

[근거 6] chunk_id=DOC-04-C0481, doc_id=DOC-04, title=최후의 과업 업데이트, lines=292-306, score=0.57
모든 몬스터의 HP 및 '성화 작열' 성공 보너스 수치가 조정됩니다.
신야
- 특정 패턴에서 피격 판정이 제대로 이뤄지지 않는 현상이 수정됩니다.
- 간헐적으로 동작이 멈추는 현상이 수정됩니다.
- '황룡, 천지를 다스려라.' 패턴이 보다 빠르게 출현하도록 수정됩니다.
- 몬스터의 성화 작열 성공 연출이 개선됩니다.
밀란 로젠바흐
- 특정 패턴에서 이펙트 표현이 제대로 되지 않는 현상이 수정됩니다.
- 간헐적으로 동작이 멈추는 현상이 수정됩니다.
- 특정 패턴에서 피격 판정이 제대로 이뤄지지 않는 현상이 수정됩니다.
- 특정 패턴에서 희생의 성배가 제대로 동작하지 않는 현상이 수정됩니다.
- '절 막지 마십시오.' 패턴이 보다 빠르게 출현하도록 수정됩니다.
- 몬스터의 성화 작열 성공 연출이 개선됩니다.
볼프간트 베오나르
- 파티 플레이 시 성화 게이지가 비정상적으로 상승하는 현상이 수정됩니다.

[근거 7] chunk_id=DOC-04-C0388, doc_id=DOC-04, title=최후의 과업 업데이트, lines=13-27, score=0.54
신야, 밀란 로젠바흐의 핵심 패턴 발동 시작 시점 개선
소중한 시간을 내어 피드백을 주신 모험가님들께 다시 한번 감사드립니다.
다음으로, 지난 노트에서 말씀드렸던 제휴 아바타와 관련하여 죄송한 안내 사항이 있습니다.
제작하는 과정에서 검토가 필요한 부분이 발생하여, 일정을 향후로 조정하게 되었습니다.
확정 시 추가 안내 드리도록 하겠습니다.
감사합니다.
(추가) 혼란을 드려 죄송합니다. 최후의 과업 HP와 성화 작열 공지에 대한 부연설명 드립니다.
퍼스트 서버 HP를 100으로 했을 때, 라이브 서버 HP는 90이 되고, 성화 작열로 인해 감소하는 HP는 30이 됩니다.
시놉시스
신께 청하나이다.
오래전 성전에서 그러했듯
저희는 다시 한번 성자의 곁에 서고자 하나이다.
당신의 뜻을 받들어 흩어진 빛을 하나로 모으고
각자의 신념과 방식으로 성자를 지키기 위한 길에 오르나이다.
홀로 고통을 짊어진 성자를 굽어살피시고

[근거 8] chunk_id=DOC-04-C0501, doc_id=DOC-04, title=최후의 과업 업데이트, lines=352-366, score=0.53
무력화 시 몬스터가 받는 데미지 100% 추가 증가, 홀드 체인 100% 연장 상태로 무력화
던전 대기실에서 재선택 버튼을 눌러 과업을 다시 선택할 수 있습니다.
재선택 시 진행했던 던전 정보가 초기화됩니다.
성화 시스템
몬스터의 특정 패턴 혹은 기믹을 성공적으로 파훼할 경우, '성화 게이지'를 회복할 수 있습니다.
'성화 게이지'가 모두 차게 되면, 몬스터와 충돌하여 '성화 작열' 상태에 돌입할 수 있습니다.
'성화 작열' 상태 돌입 시, '성화의 라미에르'가 난입하며 몬스터를 일정 시간 동안 제압합니다.
'성화의 라미에르'가 몬스터를 제압하는 중 충분한 데미지를 가할 경우, 몬스터가 큰 데미지를 받습니다.
퍼스트 서버 대비 변경 사항
성화 작열 액션 시작, 진행 도중 성화 게이지가 100%로 표시되도록 개선됩니다.
최후의 과업 - 숙원 과업 툴팁에 황금 과업 심볼이 뜨고 있는 현상이 수정됩니다.
최후의 과업 - 매칭 모드 보정 버프 밸런스가 재조정됩니다.
(추가) 최후의 과업 - 매칭 모드 - 후퇴 후 이어하기가 불가한 현상이 수정됩니다.
매칭 모드 추가
최후의 과업 매칭 모드가 추가됩니다.",,,,,성화 작열 HP 감소량은 40%에서 30%로 조정됩니다.,4.236,success,
Q016,DOC-04,reasoning,medium,퍼스트 서버 HP를 100으로 보면 라이브 서버 HP와 성화 작열 감소 HP는 각각 얼마인가?,"라이브 서버 HP는 90이고, 성화 작열로 감소하는 HP는 30이다.","퍼스트 서버 HP를 100으로 했을 때, 라이브 서버 HP는 90이 되고, 성화 작열로 인해 감소하는 HP는 30이 됩니다.",문서의 부연설명을 그대로 계산해 답한다.,qwen3:4b-instruct-2507-q4_K_M,bge-m3,BAAI/bge-m3,DOC-04-C0390|DOC-04-C0386|DOC-04-C0387|DOC-04-C0389|DOC-04-C0385|DOC-04-C0388|DOC-04-C0501|DOC-04-C0500,DOC-04,0.716|0.712|0.701|0.695|0.590|0.583|0.558|0.553,"[근거 1] chunk_id=DOC-04-C0390, doc_id=DOC-04, title=최후의 과업 업데이트, lines=19-33, score=0.72
(추가) 혼란을 드려 죄송합니다. 최후의 과업 HP와 성화 작열 공지에 대한 부연설명 드립니다.
퍼스트 서버 HP를 100으로 했을 때, 라이브 서버 HP는 90이 되고, 성화 작열로 인해 감소하는 HP는 30이 됩니다.
시놉시스
신께 청하나이다.
오래전 성전에서 그러했듯
저희는 다시 한번 성자의 곁에 서고자 하나이다.
당신의 뜻을 받들어 흩어진 빛을 하나로 모으고
각자의 신념과 방식으로 성자를 지키기 위한 길에 오르나이다.
홀로 고통을 짊어진 성자를 굽어살피시고
저희의 기도가 그의 곁에 닿게 하소서.
빛으로 빛을 구원할지니
그의 마음에 드리운 어둠을 거두어 주시옵소서.
저희의 기도로
저희의 믿음으로
꺼져가는 그의 마음에 다시 빛이 들게 하소서.

[근거 2] chunk_id=DOC-04-C0386, doc_id=DOC-04, title=최후의 과업 업데이트, lines=7-21, score=0.71
- fetched_at: 2026-05-27T22:36:01
디렉터 코멘트
안녕하세요. 던전앤파이터 총괄 디렉터 박종민입니다.
먼저, 퍼스트 서버를 통해 '최후의 과업'을 미리 체험하고 소중한 후기를 남겨주신 많은 모험가님께 깊은 감사의 말씀을 드립니다.
보내주신 의견을 면밀히 검토하여, 모험가 여러분의 강해진 스펙이 플레이 경험에 더 반영될 수 있도록 라이브 서버 업데이트 시 다음과 같이 조정될 예정입니다.
몬스터 HP 10% 일괄 하향 및 성화 작열 HP 감소량 40%에서 30%로 조정
신야, 밀란 로젠바흐의 핵심 패턴 발동 시작 시점 개선
소중한 시간을 내어 피드백을 주신 모험가님들께 다시 한번 감사드립니다.
다음으로, 지난 노트에서 말씀드렸던 제휴 아바타와 관련하여 죄송한 안내 사항이 있습니다.
제작하는 과정에서 검토가 필요한 부분이 발생하여, 일정을 향후로 조정하게 되었습니다.
확정 시 추가 안내 드리도록 하겠습니다.
감사합니다.
(추가) 혼란을 드려 죄송합니다. 최후의 과업 HP와 성화 작열 공지에 대한 부연설명 드립니다.
퍼스트 서버 HP를 100으로 했을 때, 라이브 서버 HP는 90이 되고, 성화 작열로 인해 감소하는 HP는 30이 됩니다.
시놉시스

[근거 3] chunk_id=DOC-04-C0387, doc_id=DOC-04, title=최후의 과업 업데이트, lines=10-24, score=0.70
먼저, 퍼스트 서버를 통해 '최후의 과업'을 미리 체험하고 소중한 후기를 남겨주신 많은 모험가님께 깊은 감사의 말씀을 드립니다.
보내주신 의견을 면밀히 검토하여, 모험가 여러분의 강해진 스펙이 플레이 경험에 더 반영될 수 있도록 라이브 서버 업데이트 시 다음과 같이 조정될 예정입니다.
몬스터 HP 10% 일괄 하향 및 성화 작열 HP 감소량 40%에서 30%로 조정
신야, 밀란 로젠바흐의 핵심 패턴 발동 시작 시점 개선
소중한 시간을 내어 피드백을 주신 모험가님들께 다시 한번 감사드립니다.
다음으로, 지난 노트에서 말씀드렸던 제휴 아바타와 관련하여 죄송한 안내 사항이 있습니다.
제작하는 과정에서 검토가 필요한 부분이 발생하여, 일정을 향후로 조정하게 되었습니다.
확정 시 추가 안내 드리도록 하겠습니다.
감사합니다.
(추가) 혼란을 드려 죄송합니다. 최후의 과업 HP와 성화 작열 공지에 대한 부연설명 드립니다.
퍼스트 서버 HP를 100으로 했을 때, 라이브 서버 HP는 90이 되고, 성화 작열로 인해 감소하는 HP는 30이 됩니다.
시놉시스
신께 청하나이다.
오래전 성전에서 그러했듯
저희는 다시 한번 성자의 곁에 서고자 하나이다.

[근거 4] chunk_id=DOC-04-C0389, doc_id=DOC-04, title=최후의 과업 업데이트, lines=16-30, score=0.69
제작하는 과정에서 검토가 필요한 부분이 발생하여, 일정을 향후로 조정하게 되었습니다.
확정 시 추가 안내 드리도록 하겠습니다.
감사합니다.
(추가) 혼란을 드려 죄송합니다. 최후의 과업 HP와 성화 작열 공지에 대한 부연설명 드립니다.
퍼스트 서버 HP를 100으로 했을 때, 라이브 서버 HP는 90이 되고, 성화 작열로 인해 감소하는 HP는 30이 됩니다.
시놉시스
신께 청하나이다.
오래전 성전에서 그러했듯
저희는 다시 한번 성자의 곁에 서고자 하나이다.
당신의 뜻을 받들어 흩어진 빛을 하나로 모으고
각자의 신념과 방식으로 성자를 지키기 위한 길에 오르나이다.
홀로 고통을 짊어진 성자를 굽어살피시고
저희의 기도가 그의 곁에 닿게 하소서.
빛으로 빛을 구원할지니
그의 마음에 드리운 어둠을 거두어 주시옵소서.

[근거 5] chunk_id=DOC-04-C0385, doc_id=DOC-04, title=최후의 과업 업데이트, lines=4-18, score=0.59
- category: 주요
- posted_date: 2026.05.13
- source_url: https://df.nexon.com/community/news/update/2927335?categoryType=0
- fetched_at: 2026-05-27T22:36:01
디렉터 코멘트
안녕하세요. 던전앤파이터 총괄 디렉터 박종민입니다.
먼저, 퍼스트 서버를 통해 '최후의 과업'을 미리 체험하고 소중한 후기를 남겨주신 많은 모험가님께 깊은 감사의 말씀을 드립니다.
보내주신 의견을 면밀히 검토하여, 모험가 여러분의 강해진 스펙이 플레이 경험에 더 반영될 수 있도록 라이브 서버 업데이트 시 다음과 같이 조정될 예정입니다.
몬스터 HP 10% 일괄 하향 및 성화 작열 HP 감소량 40%에서 30%로 조정
신야, 밀란 로젠바흐의 핵심 패턴 발동 시작 시점 개선
소중한 시간을 내어 피드백을 주신 모험가님들께 다시 한번 감사드립니다.
다음으로, 지난 노트에서 말씀드렸던 제휴 아바타와 관련하여 죄송한 안내 사항이 있습니다.
제작하는 과정에서 검토가 필요한 부분이 발생하여, 일정을 향후로 조정하게 되었습니다.
확정 시 추가 안내 드리도록 하겠습니다.
감사합니다.

[근거 6] chunk_id=DOC-04-C0388, doc_id=DOC-04, title=최후의 과업 업데이트, lines=13-27, score=0.58
신야, 밀란 로젠바흐의 핵심 패턴 발동 시작 시점 개선
소중한 시간을 내어 피드백을 주신 모험가님들께 다시 한번 감사드립니다.
다음으로, 지난 노트에서 말씀드렸던 제휴 아바타와 관련하여 죄송한 안내 사항이 있습니다.
제작하는 과정에서 검토가 필요한 부분이 발생하여, 일정을 향후로 조정하게 되었습니다.
확정 시 추가 안내 드리도록 하겠습니다.
감사합니다.
(추가) 혼란을 드려 죄송합니다. 최후의 과업 HP와 성화 작열 공지에 대한 부연설명 드립니다.
퍼스트 서버 HP를 100으로 했을 때, 라이브 서버 HP는 90이 되고, 성화 작열로 인해 감소하는 HP는 30이 됩니다.
시놉시스
신께 청하나이다.
오래전 성전에서 그러했듯
저희는 다시 한번 성자의 곁에 서고자 하나이다.
당신의 뜻을 받들어 흩어진 빛을 하나로 모으고
각자의 신념과 방식으로 성자를 지키기 위한 길에 오르나이다.
홀로 고통을 짊어진 성자를 굽어살피시고

[근거 7] chunk_id=DOC-04-C0501, doc_id=DOC-04, title=최후의 과업 업데이트, lines=352-366, score=0.56
무력화 시 몬스터가 받는 데미지 100% 추가 증가, 홀드 체인 100% 연장 상태로 무력화
던전 대기실에서 재선택 버튼을 눌러 과업을 다시 선택할 수 있습니다.
재선택 시 진행했던 던전 정보가 초기화됩니다.
성화 시스템
몬스터의 특정 패턴 혹은 기믹을 성공적으로 파훼할 경우, '성화 게이지'를 회복할 수 있습니다.
'성화 게이지'가 모두 차게 되면, 몬스터와 충돌하여 '성화 작열' 상태에 돌입할 수 있습니다.
'성화 작열' 상태 돌입 시, '성화의 라미에르'가 난입하며 몬스터를 일정 시간 동안 제압합니다.
'성화의 라미에르'가 몬스터를 제압하는 중 충분한 데미지를 가할 경우, 몬스터가 큰 데미지를 받습니다.
퍼스트 서버 대비 변경 사항
성화 작열 액션 시작, 진행 도중 성화 게이지가 100%로 표시되도록 개선됩니다.
최후의 과업 - 숙원 과업 툴팁에 황금 과업 심볼이 뜨고 있는 현상이 수정됩니다.
최후의 과업 - 매칭 모드 보정 버프 밸런스가 재조정됩니다.
(추가) 최후의 과업 - 매칭 모드 - 후퇴 후 이어하기가 불가한 현상이 수정됩니다.
매칭 모드 추가
최후의 과업 매칭 모드가 추가됩니다.

[근거 8] chunk_id=DOC-04-C0500, doc_id=DOC-04, title=최후의 과업 업데이트, lines=349-363, score=0.55
성화의 세례
첫 번째 층에서 '성화 현신' 발동
성화 게이지 획득량 증가
무력화 시 몬스터가 받는 데미지 100% 추가 증가, 홀드 체인 100% 연장 상태로 무력화
던전 대기실에서 재선택 버튼을 눌러 과업을 다시 선택할 수 있습니다.
재선택 시 진행했던 던전 정보가 초기화됩니다.
성화 시스템
몬스터의 특정 패턴 혹은 기믹을 성공적으로 파훼할 경우, '성화 게이지'를 회복할 수 있습니다.
'성화 게이지'가 모두 차게 되면, 몬스터와 충돌하여 '성화 작열' 상태에 돌입할 수 있습니다.
'성화 작열' 상태 돌입 시, '성화의 라미에르'가 난입하며 몬스터를 일정 시간 동안 제압합니다.
'성화의 라미에르'가 몬스터를 제압하는 중 충분한 데미지를 가할 경우, 몬스터가 큰 데미지를 받습니다.
퍼스트 서버 대비 변경 사항
성화 작열 액션 시작, 진행 도중 성화 게이지가 100%로 표시되도록 개선됩니다.
최후의 과업 - 숙원 과업 툴팁에 황금 과업 심볼이 뜨고 있는 현상이 수정됩니다.
최후의 과업 - 매칭 모드 보정 버프 밸런스가 재조정됩니다.",,,,,"라이브 서버 HP는 90, 성화 작열 감소 HP는 30이다.",4.406,success,
Q017,DOC-04,fact,medium,신야와 밀란 로젠바흐 관련해서 개선되는 것은 무엇인가?,신야와 밀란 로젠바흐의 핵심 패턴 발동 시작 시점이 개선된다.,"신야, 밀란 로젠바흐의 핵심 패턴 발동 시작 시점 개선",대상과 개선 내용을 모두 답한다.,qwen3:4b-instruct-2507-q4_K_M,bge-m3,BAAI/bge-m3,DOC-04-C0388|DOC-04-C0481|DOC-04-C0480|DOC-04-C0483|DOC-03-C0364|DOC-04-C0478|DOC-03-C0368|DOC-03-C0370,DOC-04|DOC-03,0.604|0.554|0.542|0.512|0.487|0.485|0.477|0.471,"[근거 1] chunk_id=DOC-04-C0388, doc_id=DOC-04, title=최후의 과업 업데이트, lines=13-27, score=0.60
신야, 밀란 로젠바흐의 핵심 패턴 발동 시작 시점 개선
소중한 시간을 내어 피드백을 주신 모험가님들께 다시 한번 감사드립니다.
다음으로, 지난 노트에서 말씀드렸던 제휴 아바타와 관련하여 죄송한 안내 사항이 있습니다.
제작하는 과정에서 검토가 필요한 부분이 발생하여, 일정을 향후로 조정하게 되었습니다.
확정 시 추가 안내 드리도록 하겠습니다.
감사합니다.
(추가) 혼란을 드려 죄송합니다. 최후의 과업 HP와 성화 작열 공지에 대한 부연설명 드립니다.
퍼스트 서버 HP를 100으로 했을 때, 라이브 서버 HP는 90이 되고, 성화 작열로 인해 감소하는 HP는 30이 됩니다.
시놉시스
신께 청하나이다.
오래전 성전에서 그러했듯
저희는 다시 한번 성자의 곁에 서고자 하나이다.
당신의 뜻을 받들어 흩어진 빛을 하나로 모으고
각자의 신념과 방식으로 성자를 지키기 위한 길에 오르나이다.
홀로 고통을 짊어진 성자를 굽어살피시고

[근거 2] chunk_id=DOC-04-C0481, doc_id=DOC-04, title=최후의 과업 업데이트, lines=292-306, score=0.55
모든 몬스터의 HP 및 '성화 작열' 성공 보너스 수치가 조정됩니다.
신야
- 특정 패턴에서 피격 판정이 제대로 이뤄지지 않는 현상이 수정됩니다.
- 간헐적으로 동작이 멈추는 현상이 수정됩니다.
- '황룡, 천지를 다스려라.' 패턴이 보다 빠르게 출현하도록 수정됩니다.
- 몬스터의 성화 작열 성공 연출이 개선됩니다.
밀란 로젠바흐
- 특정 패턴에서 이펙트 표현이 제대로 되지 않는 현상이 수정됩니다.
- 간헐적으로 동작이 멈추는 현상이 수정됩니다.
- 특정 패턴에서 피격 판정이 제대로 이뤄지지 않는 현상이 수정됩니다.
- 특정 패턴에서 희생의 성배가 제대로 동작하지 않는 현상이 수정됩니다.
- '절 막지 마십시오.' 패턴이 보다 빠르게 출현하도록 수정됩니다.
- 몬스터의 성화 작열 성공 연출이 개선됩니다.
볼프간트 베오나르
- 파티 플레이 시 성화 게이지가 비정상적으로 상승하는 현상이 수정됩니다.

[근거 3] chunk_id=DOC-04-C0480, doc_id=DOC-04, title=최후의 과업 업데이트, lines=289-303, score=0.54
- 재진입 시 마지막으로 도달했던 층부터 다시 전투를 시작합니다.
퍼스트 서버 대비 변경 사항
일부 몬스터의 효과음, 보이스가 추가, 개선됩니다.
모든 몬스터의 HP 및 '성화 작열' 성공 보너스 수치가 조정됩니다.
신야
- 특정 패턴에서 피격 판정이 제대로 이뤄지지 않는 현상이 수정됩니다.
- 간헐적으로 동작이 멈추는 현상이 수정됩니다.
- '황룡, 천지를 다스려라.' 패턴이 보다 빠르게 출현하도록 수정됩니다.
- 몬스터의 성화 작열 성공 연출이 개선됩니다.
밀란 로젠바흐
- 특정 패턴에서 이펙트 표현이 제대로 되지 않는 현상이 수정됩니다.
- 간헐적으로 동작이 멈추는 현상이 수정됩니다.
- 특정 패턴에서 피격 판정이 제대로 이뤄지지 않는 현상이 수정됩니다.
- 특정 패턴에서 희생의 성배가 제대로 동작하지 않는 현상이 수정됩니다.
- '절 막지 마십시오.' 패턴이 보다 빠르게 출현하도록 수정됩니다.

[근거 4] chunk_id=DOC-04-C0483, doc_id=DOC-04, title=최후의 과업 업데이트, lines=298-312, score=0.51
밀란 로젠바흐
- 특정 패턴에서 이펙트 표현이 제대로 되지 않는 현상이 수정됩니다.
- 간헐적으로 동작이 멈추는 현상이 수정됩니다.
- 특정 패턴에서 피격 판정이 제대로 이뤄지지 않는 현상이 수정됩니다.
- 특정 패턴에서 희생의 성배가 제대로 동작하지 않는 현상이 수정됩니다.
- '절 막지 마십시오.' 패턴이 보다 빠르게 출현하도록 수정됩니다.
- 몬스터의 성화 작열 성공 연출이 개선됩니다.
볼프간트 베오나르
- 파티 플레이 시 성화 게이지가 비정상적으로 상승하는 현상이 수정됩니다.
- 특정 패턴에서 이펙트 표현이 제대로 되지 않는 현상이 수정됩니다.
- 몬스터의 성화 작열 성공 연출이 개선됩니다.
과업 선택
콘텐츠 시작 시 '일반 과업'과 '숙원 과업' 중 1종을 선택하여 진행할 수 있습니다.
과업의 효과는 모든 몬스터에 적용됩니다.
일반 과업

[근거 5] chunk_id=DOC-03-C0364, doc_id=DOC-03, title=5/21(목) 정기점검 업데이트 안내, lines=136-150, score=0.49
최후의 과업 - 신야 : '희생은 각오되어 있다네.' 패턴 시 최종 동작 실행 전까지 무력화 발생이 가능하도록 개선됩니다.
최후의 과업 - 샤피로 그라시아 : 일부 효과음이 추가됩니다.
역설의 미궁 - 기록없는 성채 던전에서 베리디쿠스 등장 연출이 제거됩니다.
게임 종료 팝업 - 콘텐츠 보상 횟수 초기화 안내의 레기온 던전이 통합 보상 횟수 기준에 맞게 출력이 개선됩니다.
코스믹 어드벤처 패키지 - 일부 구성품 툴팁에 6월 4일 업데이트 예정인 신규 캐릭터/전직 관련 안내가 추가됩니다.
단진의 특별 상점 - 일부 구성품 툴팁에 6월 4일 업데이트 예정인 신규 캐릭터/전직 관련 안내가 추가됩니다.
찾아라! 우주에 숨겨진 보물 - 게임 접속 시, 보물찾기가 가능할 경우 HUD 아이콘에 알림이 표시됩니다.
아바타 마켓 - 판매가 최대 금액 입력 알림 문구가 변경됩니다.
버그수정
던전
최후의 과업 - 플레이어 사망 시 간헐적으로 좌상단 정보창에 던전 이동 Ready 문구가 표시되는 현상이 수정됩니다.
최후의 과업 - 몬스터 공통 : 간헐적으로 몬스터가 정상적으로 격파되지 않는 현상이 수정됩니다.
최후의 과업 - 신야 : 몬스터 무력화, 혹은 격파 시 일부 이펙트 및 피격 판정이 사라지지 않고 남아있는 현상이 수정됩니다.
최후의 과업 - 몬스터 공통 : 중간 보스 몬스터들의 무력화 최대 연장 시간이 제대로 표기되지 않는 현상이 수정됩니다.
디레지에 레이드 - 왜곡된 욕신 루브라 사망 시, 클리어 연출이 느리게 등장하는 현상이 수정됩니다.

[근거 6] chunk_id=DOC-04-C0478, doc_id=DOC-04, title=최후의 과업 업데이트, lines=283-297, score=0.49
'밀란 로젠바흐'
'볼프간트 베오나르'
- 최종 보스 몬스터
'샤피로 그라시아'
'샤피로 그라시아'를 제외한 몬스터는 콘텐츠 시작 시 랜덤 배치됩니다.
전투 시 선택한 과업에 따라 제한 시간이 있으며 제한 시간 초과 시 던전 대기실로 이동됩니다.
- 재진입 시 마지막으로 도달했던 층부터 다시 전투를 시작합니다.
퍼스트 서버 대비 변경 사항
일부 몬스터의 효과음, 보이스가 추가, 개선됩니다.
모든 몬스터의 HP 및 '성화 작열' 성공 보너스 수치가 조정됩니다.
신야
- 특정 패턴에서 피격 판정이 제대로 이뤄지지 않는 현상이 수정됩니다.
- 간헐적으로 동작이 멈추는 현상이 수정됩니다.
- '황룡, 천지를 다스려라.' 패턴이 보다 빠르게 출현하도록 수정됩니다.
- 몬스터의 성화 작열 성공 연출이 개선됩니다.

[근거 7] chunk_id=DOC-03-C0368, doc_id=DOC-03, title=5/21(목) 정기점검 업데이트 안내, lines=148-162, score=0.48
최후의 과업 - 신야 : 몬스터 무력화, 혹은 격파 시 일부 이펙트 및 피격 판정이 사라지지 않고 남아있는 현상이 수정됩니다.
최후의 과업 - 몬스터 공통 : 중간 보스 몬스터들의 무력화 최대 연장 시간이 제대로 표기되지 않는 현상이 수정됩니다.
디레지에 레이드 - 왜곡된 욕신 루브라 사망 시, 클리어 연출이 느리게 등장하는 현상이 수정됩니다.
배교자의 성 - 무관심한 카리타 처치 메세지 중, 오탈자가 출력되는 현상이 수정됩니다.
기계 혁명 : 개전 - 간헐적으로 주간 보상 횟수가 남아있음에도 진행이 불가한 현상이 수정됩니다.
캐릭터
소울브링어 - 결투장에서 냉기의 사야 스킬의 공격 범위가 비정상적으로 적용되는 현상이 수정됩니다.
넨마스터(남) - 나선의 넨 스킬 옵션 툴팁 오류가 수정됩니다.
거너(여) - 레인저(여)를 제외한 전직이 니들 소배트 스킬을 캔슬하여 라이징샷 스킬을 시전 가능한 현상이 수정됩니다.
스핏파이어(여) - C4 스킬의 공중 사용 가능한 최소 높이 제한 기능이 비정상적으로 동작하는 현상이 수정됩니다.
이단심판관 - 맵 끝에서 무간업화 : 멸악참수 시전 시 일부 이펙트가 비정상적으로 출력되는 현상이 수정됩니다.
로그 - 스트림 클로저 피니시 베기 후딜레이를 캔슬하여 소드 댄스 스킬 발동이 불가능한 현상이 수정됩니다.
로그 - 공중에서 샤이닝컷 사용 시 착지 후딜레이를 캔슬하여 소드 댄스 스킬 발동이 불가능한 현상이 수정됩니다.
다크 랜서 - 다크니스 스킬의 진각성 버프 컷신 이미지가 비정상적으로 출력되는 현상이 수정됩니다.
요원 - 월야를 습득한 상태에서 암월비보 스킬 시전 시 범위 옵션 효과를 적용 받지 못하는 현상이 수정됩니다.

[근거 8] chunk_id=DOC-03-C0370, doc_id=DOC-03, title=5/21(목) 정기점검 업데이트 안내, lines=154-168, score=0.47
소울브링어 - 결투장에서 냉기의 사야 스킬의 공격 범위가 비정상적으로 적용되는 현상이 수정됩니다.
넨마스터(남) - 나선의 넨 스킬 옵션 툴팁 오류가 수정됩니다.
거너(여) - 레인저(여)를 제외한 전직이 니들 소배트 스킬을 캔슬하여 라이징샷 스킬을 시전 가능한 현상이 수정됩니다.
스핏파이어(여) - C4 스킬의 공중 사용 가능한 최소 높이 제한 기능이 비정상적으로 동작하는 현상이 수정됩니다.
이단심판관 - 맵 끝에서 무간업화 : 멸악참수 시전 시 일부 이펙트가 비정상적으로 출력되는 현상이 수정됩니다.
로그 - 스트림 클로저 피니시 베기 후딜레이를 캔슬하여 소드 댄스 스킬 발동이 불가능한 현상이 수정됩니다.
로그 - 공중에서 샤이닝컷 사용 시 착지 후딜레이를 캔슬하여 소드 댄스 스킬 발동이 불가능한 현상이 수정됩니다.
다크 랜서 - 다크니스 스킬의 진각성 버프 컷신 이미지가 비정상적으로 출력되는 현상이 수정됩니다.
요원 - 월야를 습득한 상태에서 암월비보 스킬 시전 시 범위 옵션 효과를 적용 받지 못하는 현상이 수정됩니다.
(추가) 크리에이터 - 레기온 던전에서 방 이동 시 창조의 공간 스킬 버프가 초기화되지 않는 현상이 수정됩니다.
동일한 스킬 커맨드를 가진 스킬이 존재할 시, 간헐적으로 커맨드 잠금 여부와 상관없이 일부 스킬을 사용할 수 없는 현상이 수정됩니다.
복수의 스킬을 커맨드 입력으로 사용할 시, 일부 스킬이 정상적으로 작동하지 않는 현상이 수정됩니다.
아이템
무기고 - 상급 던전 고유 장비 생성 시 필요 재료 슬롯 UI 배치가 맞지 않는 현상이 수정됩니다.
무기고 - 서약 결정 변환 진행 시 특정 상황에서 반환되는 광휘의 소울이 표기되지 않는 현상이 수정됩니다.",,,,,"- 신야:  
  - 특정 패턴에서의 피격 판정이 제대로 작동하지 않는 현상이 수정됨  
  - 간헐적으로 동작이 멈추는 현상이 수정됨  
  - '황룡, 천지를 다스려라.' 패턴이 더 빠르게 출현하도록 개선됨  
  - 몬스터 무력화 또는 격파 시 일부 이펙트 및 피격 판정이 사라지지 않고 남아 있던 문제 해결  

- 밀란 로젠바흐:  
  - 이전 버전에서의 동작 오류 및 효과음, 보이스의 불일치 문제 개선  
  - 일부 몬스터의 효과음과 보이스가 추가 및 개선됨  
  - 최종 보스 몬스터 전투 시 제한 시간이 적용되며, 초과 시 던전 대기실로 이동됨  
  - 재진입 시 마지막으로 도달했던 층부터 다시 전투가 시작됨",7.739,success,
Q018,DOC-05,condition,easy,최후의 과업 채널은 명성 몇부터 입장 가능한가?,"최후의 과업 채널은 모험가 명성 108,921부터 입장 가능하다.","<최후의 과업> 채널은 모험가 명성 108,921부터 입장이 가능합니다.",명성 수치를 정확히 답한다.,qwen3:4b-instruct-2507-q4_K_M,bge-m3,BAAI/bge-m3,DOC-04-C0460|DOC-05-C0637|DOC-04-C0459|DOC-05-C0638|DOC-05-C0636|DOC-04-C0458|DOC-04-C0442|DOC-04-C0444,DOC-04|DOC-05,0.685|0.671|0.659|0.610|0.609|0.604|0.565|0.562,"[근거 1] chunk_id=DOC-04-C0460, doc_id=DOC-04, title=최후의 과업 업데이트, lines=229-243, score=0.69
<최후의 과업> 채널은 모험가 명성 108,921부터 입장이 가능합니다.
<최후의 과업> 은 모든 요일에 입장 가능합니다.
<최후의 과업> 채널에서 '성화의 라미에르' NPC를 통해 콘텐츠에 입장할 수 있습니다.
'성화의 라미에르' NPC 혹은 파티 찾기 UI의 파티 생성 버튼을 통해 생성이 가능합니다.
파티 생성 / 가입 후 상단 지역으로 이동하여 '성화의 라미에르' NPC 또는 상단 포탈을 통해 콘텐츠를 시작할 수 있습니다.
퍼스트 서버 대비 변경 사항
콘텐츠 내 일부 메시지의 가독성 개선 및 문구가 수정됩니다.
던전 시스템 관련 효과음이 추가, 개선됩니다.
콘텐츠 정보
구분
내용
파티 생성창
입장 레벨
115레벨 이상
권장 파티 인원

[근거 2] chunk_id=DOC-05-C0637, doc_id=DOC-05, title=5/6(수) 퍼스트 서버 업데이트 안내, lines=13-27, score=0.67
<최후의 과업> 상급 던전 콘텐츠가 업데이트됩니다.
콘텐츠 입장
<최후의 과업> 채널은 모험가 명성 108,921부터 입장이 가능합니다.
<최후의 과업> 은 모든 요일에 입장 가능합니다.
<최후의 과업> 채널에서 '성화의 라미에르' NPC를 통해 콘텐츠에 입장할 수 있습니다.
'성화의 라미에르' NPC 혹은 파티 찾기 UI의 파티 생성 버튼을 통해 생성이 가능합니다.
파티 생성 / 가입 후 상단 지역으로 이동하여 '성화의 라미에르' NPC 또는 상단 포탈을 통해 콘텐츠를 시작할 수 있습니다.
콘텐츠 정보
구분
내용
파티 생성창
입장 레벨
115레벨 이상
권장 파티 인원
1인 또는 4인 파티 권장

[근거 3] chunk_id=DOC-04-C0459, doc_id=DOC-04, title=최후의 과업 업데이트, lines=226-240, score=0.66
<최후의 과업> 데미지 표기가 1/100 비율로 압축됩니다.
- 이후 추가될 신규 콘텐츠들도 모두 데미지를 1/100 비율로 압축하여 표기할 예정이니 참고 부탁드립니다.
콘텐츠 입장
<최후의 과업> 채널은 모험가 명성 108,921부터 입장이 가능합니다.
<최후의 과업> 은 모든 요일에 입장 가능합니다.
<최후의 과업> 채널에서 '성화의 라미에르' NPC를 통해 콘텐츠에 입장할 수 있습니다.
'성화의 라미에르' NPC 혹은 파티 찾기 UI의 파티 생성 버튼을 통해 생성이 가능합니다.
파티 생성 / 가입 후 상단 지역으로 이동하여 '성화의 라미에르' NPC 또는 상단 포탈을 통해 콘텐츠를 시작할 수 있습니다.
퍼스트 서버 대비 변경 사항
콘텐츠 내 일부 메시지의 가독성 개선 및 문구가 수정됩니다.
던전 시스템 관련 효과음이 추가, 개선됩니다.
콘텐츠 정보
구분
내용
파티 생성창

[근거 4] chunk_id=DOC-05-C0638, doc_id=DOC-05, title=5/6(수) 퍼스트 서버 업데이트 안내, lines=16-30, score=0.61
<최후의 과업> 은 모든 요일에 입장 가능합니다.
<최후의 과업> 채널에서 '성화의 라미에르' NPC를 통해 콘텐츠에 입장할 수 있습니다.
'성화의 라미에르' NPC 혹은 파티 찾기 UI의 파티 생성 버튼을 통해 생성이 가능합니다.
파티 생성 / 가입 후 상단 지역으로 이동하여 '성화의 라미에르' NPC 또는 상단 포탈을 통해 콘텐츠를 시작할 수 있습니다.
콘텐츠 정보
구분
내용
파티 생성창
입장 레벨
115레벨 이상
권장 파티 인원
1인 또는 4인 파티 권장
입장 명성
108,921
입장 시 소모 피로도

[근거 5] chunk_id=DOC-05-C0636, doc_id=DOC-05, title=5/6(수) 퍼스트 서버 업데이트 안내, lines=10-24, score=0.61
아래의 공지와 다른 내용을 발견하시면 퍼스트 서버 게시판을 통하여 알려주시면 감사하겠습니다.
(18:10 추가) 클론 캐릭터 생성 시 묵언의 진의 업그레이드가 복사되지 않는 현상이 수정되었습니다.
최후의 과업
<최후의 과업> 상급 던전 콘텐츠가 업데이트됩니다.
콘텐츠 입장
<최후의 과업> 채널은 모험가 명성 108,921부터 입장이 가능합니다.
<최후의 과업> 은 모든 요일에 입장 가능합니다.
<최후의 과업> 채널에서 '성화의 라미에르' NPC를 통해 콘텐츠에 입장할 수 있습니다.
'성화의 라미에르' NPC 혹은 파티 찾기 UI의 파티 생성 버튼을 통해 생성이 가능합니다.
파티 생성 / 가입 후 상단 지역으로 이동하여 '성화의 라미에르' NPC 또는 상단 포탈을 통해 콘텐츠를 시작할 수 있습니다.
콘텐츠 정보
구분
내용
파티 생성창
입장 레벨

[근거 6] chunk_id=DOC-04-C0458, doc_id=DOC-04, title=최후의 과업 업데이트, lines=223-237, score=0.60
천해천 시나리오 진입 시 기대 보상 알림이 뜨는 현상이 수정됩니다.
최후의 과업
<최후의 과업> 상급 던전 콘텐츠가 업데이트됩니다.
<최후의 과업> 데미지 표기가 1/100 비율로 압축됩니다.
- 이후 추가될 신규 콘텐츠들도 모두 데미지를 1/100 비율로 압축하여 표기할 예정이니 참고 부탁드립니다.
콘텐츠 입장
<최후의 과업> 채널은 모험가 명성 108,921부터 입장이 가능합니다.
<최후의 과업> 은 모든 요일에 입장 가능합니다.
<최후의 과업> 채널에서 '성화의 라미에르' NPC를 통해 콘텐츠에 입장할 수 있습니다.
'성화의 라미에르' NPC 혹은 파티 찾기 UI의 파티 생성 버튼을 통해 생성이 가능합니다.
파티 생성 / 가입 후 상단 지역으로 이동하여 '성화의 라미에르' NPC 또는 상단 포탈을 통해 콘텐츠를 시작할 수 있습니다.
퍼스트 서버 대비 변경 사항
콘텐츠 내 일부 메시지의 가독성 개선 및 문구가 수정됩니다.
던전 시스템 관련 효과음이 추가, 개선됩니다.
콘텐츠 정보

[근거 7] chunk_id=DOC-04-C0442, doc_id=DOC-04, title=최후의 과업 업데이트, lines=175-189, score=0.56
구분
내용
던전명
최후의 과업
입장 조건
115레벨 액트 퀘스트, '빛이 남긴 진의' 수락 시 수행할 수 있습니다.
입장 레벨
115레벨 이상
인원 제한
1인
입장 명성
없음
소모 피로도
없음
최후의 과업

[근거 8] chunk_id=DOC-04-C0444, doc_id=DOC-04, title=최후의 과업 업데이트, lines=181-195, score=0.56
입장 레벨
115레벨 이상
인원 제한
1인
입장 명성
없음
소모 피로도
없음
최후의 과업
신규 시나리오 던전 '최후의 과업'이 추가됩니다.
미카엘라의 빛이 서서히 사그라들고 있다.
모험가는 그를 지키기 위해 별마로로 향하고자 한다.
그러나 별마로에 이르기 위해서는 반드시 과업의 전당을 지나야만 한다.
본래 그곳은 별마로로 향하려는 순례자들에게 과업이 내려지는 장소였다.
하지만 지금은 미카엘라를 지키기 위해 검은 성전을 승리로 이끌었던 성인들이 강림해 있다.",,,,,"최후의 과업 채널은 명성 108,921부터 입장이 가능합니다.  
- 입장 조건: 명성 108,921 이상  
- 입장 가능 요일: 모든 요일  
- 입장 방법: '성화의 라미에르' NPC 또는 파티 생성 버튼을 통해 입장 가능",5.131,success,
Q019,DOC-05,fact,easy,최후의 과업 콘텐츠 입장 시 소모 피로도와 제한 시간은 각각 얼마인가?,"입장 시 피로도 30을 소모하며, 던전 입장 시 60분의 제한 시간이 적용된다.",입장 시 소모 피로도 / 30 / 던전 입장 시 60분의 제한 시간이 적용됩니다.,피로도와 제한 시간을 모두 답한다.,qwen3:4b-instruct-2507-q4_K_M,bge-m3,BAAI/bge-m3,DOC-04-C0459|DOC-04-C0458|DOC-05-C0638|DOC-05-C0637|DOC-04-C0466|DOC-05-C0642|DOC-04-C0465|DOC-04-C0460,DOC-04|DOC-05,0.652|0.617|0.617|0.613|0.610|0.609|0.605|0.593,"[근거 1] chunk_id=DOC-04-C0459, doc_id=DOC-04, title=최후의 과업 업데이트, lines=226-240, score=0.65
<최후의 과업> 데미지 표기가 1/100 비율로 압축됩니다.
- 이후 추가될 신규 콘텐츠들도 모두 데미지를 1/100 비율로 압축하여 표기할 예정이니 참고 부탁드립니다.
콘텐츠 입장
<최후의 과업> 채널은 모험가 명성 108,921부터 입장이 가능합니다.
<최후의 과업> 은 모든 요일에 입장 가능합니다.
<최후의 과업> 채널에서 '성화의 라미에르' NPC를 통해 콘텐츠에 입장할 수 있습니다.
'성화의 라미에르' NPC 혹은 파티 찾기 UI의 파티 생성 버튼을 통해 생성이 가능합니다.
파티 생성 / 가입 후 상단 지역으로 이동하여 '성화의 라미에르' NPC 또는 상단 포탈을 통해 콘텐츠를 시작할 수 있습니다.
퍼스트 서버 대비 변경 사항
콘텐츠 내 일부 메시지의 가독성 개선 및 문구가 수정됩니다.
던전 시스템 관련 효과음이 추가, 개선됩니다.
콘텐츠 정보
구분
내용
파티 생성창

[근거 2] chunk_id=DOC-04-C0458, doc_id=DOC-04, title=최후의 과업 업데이트, lines=223-237, score=0.62
천해천 시나리오 진입 시 기대 보상 알림이 뜨는 현상이 수정됩니다.
최후의 과업
<최후의 과업> 상급 던전 콘텐츠가 업데이트됩니다.
<최후의 과업> 데미지 표기가 1/100 비율로 압축됩니다.
- 이후 추가될 신규 콘텐츠들도 모두 데미지를 1/100 비율로 압축하여 표기할 예정이니 참고 부탁드립니다.
콘텐츠 입장
<최후의 과업> 채널은 모험가 명성 108,921부터 입장이 가능합니다.
<최후의 과업> 은 모든 요일에 입장 가능합니다.
<최후의 과업> 채널에서 '성화의 라미에르' NPC를 통해 콘텐츠에 입장할 수 있습니다.
'성화의 라미에르' NPC 혹은 파티 찾기 UI의 파티 생성 버튼을 통해 생성이 가능합니다.
파티 생성 / 가입 후 상단 지역으로 이동하여 '성화의 라미에르' NPC 또는 상단 포탈을 통해 콘텐츠를 시작할 수 있습니다.
퍼스트 서버 대비 변경 사항
콘텐츠 내 일부 메시지의 가독성 개선 및 문구가 수정됩니다.
던전 시스템 관련 효과음이 추가, 개선됩니다.
콘텐츠 정보

[근거 3] chunk_id=DOC-05-C0638, doc_id=DOC-05, title=5/6(수) 퍼스트 서버 업데이트 안내, lines=16-30, score=0.62
<최후의 과업> 은 모든 요일에 입장 가능합니다.
<최후의 과업> 채널에서 '성화의 라미에르' NPC를 통해 콘텐츠에 입장할 수 있습니다.
'성화의 라미에르' NPC 혹은 파티 찾기 UI의 파티 생성 버튼을 통해 생성이 가능합니다.
파티 생성 / 가입 후 상단 지역으로 이동하여 '성화의 라미에르' NPC 또는 상단 포탈을 통해 콘텐츠를 시작할 수 있습니다.
콘텐츠 정보
구분
내용
파티 생성창
입장 레벨
115레벨 이상
권장 파티 인원
1인 또는 4인 파티 권장
입장 명성
108,921
입장 시 소모 피로도

[근거 4] chunk_id=DOC-05-C0637, doc_id=DOC-05, title=5/6(수) 퍼스트 서버 업데이트 안내, lines=13-27, score=0.61
<최후의 과업> 상급 던전 콘텐츠가 업데이트됩니다.
콘텐츠 입장
<최후의 과업> 채널은 모험가 명성 108,921부터 입장이 가능합니다.
<최후의 과업> 은 모든 요일에 입장 가능합니다.
<최후의 과업> 채널에서 '성화의 라미에르' NPC를 통해 콘텐츠에 입장할 수 있습니다.
'성화의 라미에르' NPC 혹은 파티 찾기 UI의 파티 생성 버튼을 통해 생성이 가능합니다.
파티 생성 / 가입 후 상단 지역으로 이동하여 '성화의 라미에르' NPC 또는 상단 포탈을 통해 콘텐츠를 시작할 수 있습니다.
콘텐츠 정보
구분
내용
파티 생성창
입장 레벨
115레벨 이상
권장 파티 인원
1인 또는 4인 파티 권장

[근거 5] chunk_id=DOC-04-C0466, doc_id=DOC-04, title=최후의 과업 업데이트, lines=247-261, score=0.61
입장 시 소모 피로도
30
주간 입장 제한
1회
콘텐츠 시작 시 주간 입장 제한 횟수가 차감됩니다.
통합 보상 횟수
2회
제한 시간 내 콘텐츠 클리어 시 주간 보상을 획득하실 수 있습니다.
보상 획득 시 통합 보상 횟수는 차감됩니다.
주간 입장 제한 및 통합 보상 횟수는 매주 목요일 06시에 초기화됩니다.
콘텐츠 규칙
제한 사항
던전 입장 시 60분의 제한 시간이 적용됩니다.
- 제한 시간 초과 시 클리어 실패 처리되어 자동으로 던전에서 퇴장합니다.
인형류 소모품의 사용이 제한됩니다.

[근거 6] chunk_id=DOC-05-C0642, doc_id=DOC-05, title=5/6(수) 퍼스트 서버 업데이트 안내, lines=28-42, score=0.61
입장 명성
108,921
입장 시 소모 피로도
30
주간 입장 제한
1회
콘텐츠 시작 시 주간 입장 제한 횟수가 차감됩니다.
통합 보상 횟수
2회
제한 시간 내 콘텐츠 클리어 시 주간 보상을 획득하실 수 있습니다.
보상 획득 시 통합 보상 횟수는 차감됩니다.
주간 입장 제한 및 통합 보상 횟수는 매주 목요일 06시에 초기화됩니다.
콘텐츠 규칙
제한 사항
던전 입장 시 60분의 제한 시간이 적용됩니다.

[근거 7] chunk_id=DOC-04-C0465, doc_id=DOC-04, title=최후의 과업 업데이트, lines=244-258, score=0.61
1인 또는 4인 파티 권장
입장 명성
108,921
입장 시 소모 피로도
30
주간 입장 제한
1회
콘텐츠 시작 시 주간 입장 제한 횟수가 차감됩니다.
통합 보상 횟수
2회
제한 시간 내 콘텐츠 클리어 시 주간 보상을 획득하실 수 있습니다.
보상 획득 시 통합 보상 횟수는 차감됩니다.
주간 입장 제한 및 통합 보상 횟수는 매주 목요일 06시에 초기화됩니다.
콘텐츠 규칙
제한 사항

[근거 8] chunk_id=DOC-04-C0460, doc_id=DOC-04, title=최후의 과업 업데이트, lines=229-243, score=0.59
<최후의 과업> 채널은 모험가 명성 108,921부터 입장이 가능합니다.
<최후의 과업> 은 모든 요일에 입장 가능합니다.
<최후의 과업> 채널에서 '성화의 라미에르' NPC를 통해 콘텐츠에 입장할 수 있습니다.
'성화의 라미에르' NPC 혹은 파티 찾기 UI의 파티 생성 버튼을 통해 생성이 가능합니다.
파티 생성 / 가입 후 상단 지역으로 이동하여 '성화의 라미에르' NPC 또는 상단 포탈을 통해 콘텐츠를 시작할 수 있습니다.
퍼스트 서버 대비 변경 사항
콘텐츠 내 일부 메시지의 가독성 개선 및 문구가 수정됩니다.
던전 시스템 관련 효과음이 추가, 개선됩니다.
콘텐츠 정보
구분
내용
파티 생성창
입장 레벨
115레벨 이상
권장 파티 인원",,,,,"- 입장 시 소모 피로도: 30  
- 제한 시간: 60분  
- 제한 시간 초과 시 던전에서 자동 퇴장됩니다.",4.013,success,
Q020,DOC-05,condition,medium,최후의 과업의 주간 입장 제한과 통합 보상 횟수는 언제 초기화되는가?,주간 입장 제한과 통합 보상 횟수는 매주 목요일 06시에 초기화된다.,주간 입장 제한 및 통합 보상 횟수는 매주 목요일 06시에 초기화됩니다.,초기화 요일과 시간을 정확히 답한다.,qwen3:4b-instruct-2507-q4_K_M,bge-m3,BAAI/bge-m3,DOC-05-C0644|DOC-04-C0467|DOC-04-C0465|DOC-04-C0466|DOC-05-C0643|DOC-05-C0641|DOC-05-C0642|DOC-03-C0365,DOC-05|DOC-04|DOC-03,0.630|0.630|0.629|0.620|0.618|0.617|0.615|0.609,"[근거 1] chunk_id=DOC-05-C0644, doc_id=DOC-05, title=5/6(수) 퍼스트 서버 업데이트 안내, lines=34-48, score=0.63
콘텐츠 시작 시 주간 입장 제한 횟수가 차감됩니다.
통합 보상 횟수
2회
제한 시간 내 콘텐츠 클리어 시 주간 보상을 획득하실 수 있습니다.
보상 획득 시 통합 보상 횟수는 차감됩니다.
주간 입장 제한 및 통합 보상 횟수는 매주 목요일 06시에 초기화됩니다.
콘텐츠 규칙
제한 사항
던전 입장 시 60분의 제한 시간이 적용됩니다.
- 제한 시간 초과 시 클리어 실패 처리되어 자동으로 던전에서 퇴장합니다.
인형류 소모품의 사용이 제한됩니다.
기본 5개의 코인 제한 횟수를 가지며 파티원과 횟수를 공유합니다.
- 던전 내 코인 사용 시 스킬 쿨타임은 초기화되지 않습니다.
- 코인 2개 미만 상태로 후퇴 시, 코인 제한 횟수가 2회로 복구됩니다.
콘텐츠 실패

[근거 2] chunk_id=DOC-04-C0467, doc_id=DOC-04, title=최후의 과업 업데이트, lines=250-264, score=0.63
1회
콘텐츠 시작 시 주간 입장 제한 횟수가 차감됩니다.
통합 보상 횟수
2회
제한 시간 내 콘텐츠 클리어 시 주간 보상을 획득하실 수 있습니다.
보상 획득 시 통합 보상 횟수는 차감됩니다.
주간 입장 제한 및 통합 보상 횟수는 매주 목요일 06시에 초기화됩니다.
콘텐츠 규칙
제한 사항
던전 입장 시 60분의 제한 시간이 적용됩니다.
- 제한 시간 초과 시 클리어 실패 처리되어 자동으로 던전에서 퇴장합니다.
인형류 소모품의 사용이 제한됩니다.
기본 5개의 코인 제한 횟수를 가지며 파티원과 횟수를 공유합니다.
- 던전 내 코인 사용 시 스킬 쿨타임은 초기화되지 않습니다.
- 코인 2개 미만 상태로 후퇴 시, 코인 제한 횟수가 2회로 복구됩니다.

[근거 3] chunk_id=DOC-04-C0465, doc_id=DOC-04, title=최후의 과업 업데이트, lines=244-258, score=0.63
1인 또는 4인 파티 권장
입장 명성
108,921
입장 시 소모 피로도
30
주간 입장 제한
1회
콘텐츠 시작 시 주간 입장 제한 횟수가 차감됩니다.
통합 보상 횟수
2회
제한 시간 내 콘텐츠 클리어 시 주간 보상을 획득하실 수 있습니다.
보상 획득 시 통합 보상 횟수는 차감됩니다.
주간 입장 제한 및 통합 보상 횟수는 매주 목요일 06시에 초기화됩니다.
콘텐츠 규칙
제한 사항

[근거 4] chunk_id=DOC-04-C0466, doc_id=DOC-04, title=최후의 과업 업데이트, lines=247-261, score=0.62
입장 시 소모 피로도
30
주간 입장 제한
1회
콘텐츠 시작 시 주간 입장 제한 횟수가 차감됩니다.
통합 보상 횟수
2회
제한 시간 내 콘텐츠 클리어 시 주간 보상을 획득하실 수 있습니다.
보상 획득 시 통합 보상 횟수는 차감됩니다.
주간 입장 제한 및 통합 보상 횟수는 매주 목요일 06시에 초기화됩니다.
콘텐츠 규칙
제한 사항
던전 입장 시 60분의 제한 시간이 적용됩니다.
- 제한 시간 초과 시 클리어 실패 처리되어 자동으로 던전에서 퇴장합니다.
인형류 소모품의 사용이 제한됩니다.

[근거 5] chunk_id=DOC-05-C0643, doc_id=DOC-05, title=5/6(수) 퍼스트 서버 업데이트 안내, lines=31-45, score=0.62
30
주간 입장 제한
1회
콘텐츠 시작 시 주간 입장 제한 횟수가 차감됩니다.
통합 보상 횟수
2회
제한 시간 내 콘텐츠 클리어 시 주간 보상을 획득하실 수 있습니다.
보상 획득 시 통합 보상 횟수는 차감됩니다.
주간 입장 제한 및 통합 보상 횟수는 매주 목요일 06시에 초기화됩니다.
콘텐츠 규칙
제한 사항
던전 입장 시 60분의 제한 시간이 적용됩니다.
- 제한 시간 초과 시 클리어 실패 처리되어 자동으로 던전에서 퇴장합니다.
인형류 소모품의 사용이 제한됩니다.
기본 5개의 코인 제한 횟수를 가지며 파티원과 횟수를 공유합니다.

[근거 6] chunk_id=DOC-05-C0641, doc_id=DOC-05, title=5/6(수) 퍼스트 서버 업데이트 안내, lines=25-39, score=0.62
115레벨 이상
권장 파티 인원
1인 또는 4인 파티 권장
입장 명성
108,921
입장 시 소모 피로도
30
주간 입장 제한
1회
콘텐츠 시작 시 주간 입장 제한 횟수가 차감됩니다.
통합 보상 횟수
2회
제한 시간 내 콘텐츠 클리어 시 주간 보상을 획득하실 수 있습니다.
보상 획득 시 통합 보상 횟수는 차감됩니다.
주간 입장 제한 및 통합 보상 횟수는 매주 목요일 06시에 초기화됩니다.

[근거 7] chunk_id=DOC-05-C0642, doc_id=DOC-05, title=5/6(수) 퍼스트 서버 업데이트 안내, lines=28-42, score=0.62
입장 명성
108,921
입장 시 소모 피로도
30
주간 입장 제한
1회
콘텐츠 시작 시 주간 입장 제한 횟수가 차감됩니다.
통합 보상 횟수
2회
제한 시간 내 콘텐츠 클리어 시 주간 보상을 획득하실 수 있습니다.
보상 획득 시 통합 보상 횟수는 차감됩니다.
주간 입장 제한 및 통합 보상 횟수는 매주 목요일 06시에 초기화됩니다.
콘텐츠 규칙
제한 사항
던전 입장 시 60분의 제한 시간이 적용됩니다.

[근거 8] chunk_id=DOC-03-C0365, doc_id=DOC-03, title=5/21(목) 정기점검 업데이트 안내, lines=139-153, score=0.61
게임 종료 팝업 - 콘텐츠 보상 횟수 초기화 안내의 레기온 던전이 통합 보상 횟수 기준에 맞게 출력이 개선됩니다.
코스믹 어드벤처 패키지 - 일부 구성품 툴팁에 6월 4일 업데이트 예정인 신규 캐릭터/전직 관련 안내가 추가됩니다.
단진의 특별 상점 - 일부 구성품 툴팁에 6월 4일 업데이트 예정인 신규 캐릭터/전직 관련 안내가 추가됩니다.
찾아라! 우주에 숨겨진 보물 - 게임 접속 시, 보물찾기가 가능할 경우 HUD 아이콘에 알림이 표시됩니다.
아바타 마켓 - 판매가 최대 금액 입력 알림 문구가 변경됩니다.
버그수정
던전
최후의 과업 - 플레이어 사망 시 간헐적으로 좌상단 정보창에 던전 이동 Ready 문구가 표시되는 현상이 수정됩니다.
최후의 과업 - 몬스터 공통 : 간헐적으로 몬스터가 정상적으로 격파되지 않는 현상이 수정됩니다.
최후의 과업 - 신야 : 몬스터 무력화, 혹은 격파 시 일부 이펙트 및 피격 판정이 사라지지 않고 남아있는 현상이 수정됩니다.
최후의 과업 - 몬스터 공통 : 중간 보스 몬스터들의 무력화 최대 연장 시간이 제대로 표기되지 않는 현상이 수정됩니다.
디레지에 레이드 - 왜곡된 욕신 루브라 사망 시, 클리어 연출이 느리게 등장하는 현상이 수정됩니다.
배교자의 성 - 무관심한 카리타 처치 메세지 중, 오탈자가 출력되는 현상이 수정됩니다.
기계 혁명 : 개전 - 간헐적으로 주간 보상 횟수가 남아있음에도 진행이 불가한 현상이 수정됩니다.
캐릭터",,,,,최후의 과업의 주간 입장 제한 및 통합 보상 횟수는 매주 목요일 06시에 초기화됩니다.,3.914,success,
Q021,DOC-05,condition,medium,최후의 과업에서 임무 포기 시 던전 진행도와 주간 입장 횟수는 어떻게 되는가?,"임무 포기 시 던전 진행도는 모두 초기화되고, 주간 입장 횟수는 회복된다.",임무 포기 시 던전 진행도가 모두 초기화되며 주간 입장 횟수가 회복됩니다.,진행도 초기화와 입장 횟수 회복을 함께 답한다.,qwen3:4b-instruct-2507-q4_K_M,bge-m3,BAAI/bge-m3,DOC-05-C0651|DOC-04-C0474|DOC-05-C0650|DOC-05-C0649|DOC-04-C0476|DOC-05-C0648|DOC-05-C0647|DOC-04-C0470,DOC-05|DOC-04,0.686|0.668|0.658|0.636|0.627|0.618|0.618|0.615,"[근거 1] chunk_id=DOC-05-C0651, doc_id=DOC-05, title=5/6(수) 퍼스트 서버 업데이트 안내, lines=55-69, score=0.69
임무 포기 시 파티원 간 투표를 통해 모든 파티원이 찬성 시 포기 처리됩니다.
- 임무 포기 시 던전 진행도가 모두 초기화되며 주간 입장 횟수가 회복됩니다.
지역 버프
지역 버프 '영결의 맹세'가 추가됩니다.
- 전용 채널 최후의 과업에서 '영결의 맹세' 버프가 적용됩니다.
던전 입장 시 힘, 지능이 상승합니다.
'영결의 맹세' 버프로 인한 능력치 상승은 버퍼의 버프 스킬에 영향을 주지 않습니다.
콘텐츠 진행
미카엘라의 마지막 빛을 지키기 위해 현세에 강림한 성인들을 도와 이곳에서 주어진 과업을 완수해야 합니다.
'최후의 과업' 에서는 아래의 몬스터가 등장합니다.
'신야'
'밀란 로젠바흐'
'볼프간트 베오나르'
- 최종 보스 몬스터
'샤피로 그라시아'

[근거 2] chunk_id=DOC-04-C0474, doc_id=DOC-04, title=최후의 과업 업데이트, lines=271-285, score=0.67
이어하기 시 후퇴 전 던전 진행도가 유지된 상태로 플레이할 수 있으며, 진행도에 따라 정해진 시작 지점부터 시작하게 됩니다.
임무 포기 시 파티원 간 투표를 통해 모든 파티원이 찬성 시 포기 처리됩니다.
임무 포기 시 던전 진행도가 모두 초기화되며 주간 입장 횟수가 회복됩니다.
지역 버프
지역 버프 '영결의 맹세'가 추가됩니다.
- 전용 채널 최후의 과업에서 '영결의 맹세' 버프가 적용됩니다.
던전 입장 시 힘, 지능이 상승합니다.
'영결의 맹세' 버프로 인한 능력치 상승은 버퍼의 버프 스킬에 영향을 주지 않습니다.
콘텐츠 진행
미카엘라의 마지막 빛을 지키기 위해 현세에 강림한 성인들을 도와 이곳에서 주어진 과업을 완수해야 합니다.
'최후의 과업' 에서는 아래의 몬스터가 등장합니다.
'신야'
'밀란 로젠바흐'
'볼프간트 베오나르'
- 최종 보스 몬스터

[근거 3] chunk_id=DOC-05-C0650, doc_id=DOC-05, title=5/6(수) 퍼스트 서버 업데이트 안내, lines=52-66, score=0.66
- 후퇴 시 패널티 시간이 주어집니다.
후퇴한 상황에서 파티장은 '성화의 라미에르' NPC를 통해 콘텐츠를 포기하거나 또는 다시 진입할 수 있습니다.
이어하기 시 후퇴 전 던전 진행도가 유지된 상태로 플레이할 수 있으며, 진행도에 따라 정해진 시작 지점부터 시작하게 됩니다.
임무 포기 시 파티원 간 투표를 통해 모든 파티원이 찬성 시 포기 처리됩니다.
- 임무 포기 시 던전 진행도가 모두 초기화되며 주간 입장 횟수가 회복됩니다.
지역 버프
지역 버프 '영결의 맹세'가 추가됩니다.
- 전용 채널 최후의 과업에서 '영결의 맹세' 버프가 적용됩니다.
던전 입장 시 힘, 지능이 상승합니다.
'영결의 맹세' 버프로 인한 능력치 상승은 버퍼의 버프 스킬에 영향을 주지 않습니다.
콘텐츠 진행
미카엘라의 마지막 빛을 지키기 위해 현세에 강림한 성인들을 도와 이곳에서 주어진 과업을 완수해야 합니다.
'최후의 과업' 에서는 아래의 몬스터가 등장합니다.
'신야'
'밀란 로젠바흐'

[근거 4] chunk_id=DOC-05-C0649, doc_id=DOC-05, title=5/6(수) 퍼스트 서버 업데이트 안내, lines=49-63, score=0.64
제한 시간 이내에 최종 보스를 처치하지 못하면 클리어 실패 처리됩니다.
임무 포기 & 이어하기
파티장은 미니맵의 후퇴 버튼을 이용해 해당 던전에서 후퇴할 수 있습니다.
- 후퇴 시 패널티 시간이 주어집니다.
후퇴한 상황에서 파티장은 '성화의 라미에르' NPC를 통해 콘텐츠를 포기하거나 또는 다시 진입할 수 있습니다.
이어하기 시 후퇴 전 던전 진행도가 유지된 상태로 플레이할 수 있으며, 진행도에 따라 정해진 시작 지점부터 시작하게 됩니다.
임무 포기 시 파티원 간 투표를 통해 모든 파티원이 찬성 시 포기 처리됩니다.
- 임무 포기 시 던전 진행도가 모두 초기화되며 주간 입장 횟수가 회복됩니다.
지역 버프
지역 버프 '영결의 맹세'가 추가됩니다.
- 전용 채널 최후의 과업에서 '영결의 맹세' 버프가 적용됩니다.
던전 입장 시 힘, 지능이 상승합니다.
'영결의 맹세' 버프로 인한 능력치 상승은 버퍼의 버프 스킬에 영향을 주지 않습니다.
콘텐츠 진행
미카엘라의 마지막 빛을 지키기 위해 현세에 강림한 성인들을 도와 이곳에서 주어진 과업을 완수해야 합니다.

[근거 5] chunk_id=DOC-04-C0476, doc_id=DOC-04, title=최후의 과업 업데이트, lines=277-291, score=0.63
던전 입장 시 힘, 지능이 상승합니다.
'영결의 맹세' 버프로 인한 능력치 상승은 버퍼의 버프 스킬에 영향을 주지 않습니다.
콘텐츠 진행
미카엘라의 마지막 빛을 지키기 위해 현세에 강림한 성인들을 도와 이곳에서 주어진 과업을 완수해야 합니다.
'최후의 과업' 에서는 아래의 몬스터가 등장합니다.
'신야'
'밀란 로젠바흐'
'볼프간트 베오나르'
- 최종 보스 몬스터
'샤피로 그라시아'
'샤피로 그라시아'를 제외한 몬스터는 콘텐츠 시작 시 랜덤 배치됩니다.
전투 시 선택한 과업에 따라 제한 시간이 있으며 제한 시간 초과 시 던전 대기실로 이동됩니다.
- 재진입 시 마지막으로 도달했던 층부터 다시 전투를 시작합니다.
퍼스트 서버 대비 변경 사항
일부 몬스터의 효과음, 보이스가 추가, 개선됩니다.

[근거 6] chunk_id=DOC-05-C0648, doc_id=DOC-05, title=5/6(수) 퍼스트 서버 업데이트 안내, lines=46-60, score=0.62
- 던전 내 코인 사용 시 스킬 쿨타임은 초기화되지 않습니다.
- 코인 2개 미만 상태로 후퇴 시, 코인 제한 횟수가 2회로 복구됩니다.
콘텐츠 실패
제한 시간 이내에 최종 보스를 처치하지 못하면 클리어 실패 처리됩니다.
임무 포기 & 이어하기
파티장은 미니맵의 후퇴 버튼을 이용해 해당 던전에서 후퇴할 수 있습니다.
- 후퇴 시 패널티 시간이 주어집니다.
후퇴한 상황에서 파티장은 '성화의 라미에르' NPC를 통해 콘텐츠를 포기하거나 또는 다시 진입할 수 있습니다.
이어하기 시 후퇴 전 던전 진행도가 유지된 상태로 플레이할 수 있으며, 진행도에 따라 정해진 시작 지점부터 시작하게 됩니다.
임무 포기 시 파티원 간 투표를 통해 모든 파티원이 찬성 시 포기 처리됩니다.
- 임무 포기 시 던전 진행도가 모두 초기화되며 주간 입장 횟수가 회복됩니다.
지역 버프
지역 버프 '영결의 맹세'가 추가됩니다.
- 전용 채널 최후의 과업에서 '영결의 맹세' 버프가 적용됩니다.
던전 입장 시 힘, 지능이 상승합니다.

[근거 7] chunk_id=DOC-05-C0647, doc_id=DOC-05, title=5/6(수) 퍼스트 서버 업데이트 안내, lines=43-57, score=0.62
- 제한 시간 초과 시 클리어 실패 처리되어 자동으로 던전에서 퇴장합니다.
인형류 소모품의 사용이 제한됩니다.
기본 5개의 코인 제한 횟수를 가지며 파티원과 횟수를 공유합니다.
- 던전 내 코인 사용 시 스킬 쿨타임은 초기화되지 않습니다.
- 코인 2개 미만 상태로 후퇴 시, 코인 제한 횟수가 2회로 복구됩니다.
콘텐츠 실패
제한 시간 이내에 최종 보스를 처치하지 못하면 클리어 실패 처리됩니다.
임무 포기 & 이어하기
파티장은 미니맵의 후퇴 버튼을 이용해 해당 던전에서 후퇴할 수 있습니다.
- 후퇴 시 패널티 시간이 주어집니다.
후퇴한 상황에서 파티장은 '성화의 라미에르' NPC를 통해 콘텐츠를 포기하거나 또는 다시 진입할 수 있습니다.
이어하기 시 후퇴 전 던전 진행도가 유지된 상태로 플레이할 수 있으며, 진행도에 따라 정해진 시작 지점부터 시작하게 됩니다.
임무 포기 시 파티원 간 투표를 통해 모든 파티원이 찬성 시 포기 처리됩니다.
- 임무 포기 시 던전 진행도가 모두 초기화되며 주간 입장 횟수가 회복됩니다.
지역 버프

[근거 8] chunk_id=DOC-04-C0470, doc_id=DOC-04, title=최후의 과업 업데이트, lines=259-273, score=0.62
던전 입장 시 60분의 제한 시간이 적용됩니다.
- 제한 시간 초과 시 클리어 실패 처리되어 자동으로 던전에서 퇴장합니다.
인형류 소모품의 사용이 제한됩니다.
기본 5개의 코인 제한 횟수를 가지며 파티원과 횟수를 공유합니다.
- 던전 내 코인 사용 시 스킬 쿨타임은 초기화되지 않습니다.
- 코인 2개 미만 상태로 후퇴 시, 코인 제한 횟수가 2회로 복구됩니다.
콘텐츠 실패
제한 시간 이내에 최종 보스를 처치하지 못하면 클리어 실패 처리됩니다.
임무 포기, 이어하기
파티장은 미니맵의 후퇴 버튼을 이용해 해당 던전에서 후퇴할 수 있습니다.
- 후퇴 시 페널티 시간이 주어집니다.
후퇴한 상황에서 파티장은 '성화의 라미에르' NPC를 통해 콘텐츠를 포기하거나 또는 다시 진입할 수 있습니다.
이어하기 시 후퇴 전 던전 진행도가 유지된 상태로 플레이할 수 있으며, 진행도에 따라 정해진 시작 지점부터 시작하게 됩니다.
임무 포기 시 파티원 간 투표를 통해 모든 파티원이 찬성 시 포기 처리됩니다.
임무 포기 시 던전 진행도가 모두 초기화되며 주간 입장 횟수가 회복됩니다.",,,,,"임무 포기 시 던전 진행도가 모두 초기화되며, 주간 입장 횟수도 회복됩니다.",4.322,success,
Q022,DOC-05,condition,hard,"최후의 과업을 혼자 플레이할 수 있는지, 그리고 권장 파티 인원은 어떻게 되는지 설명해줘.",가능하다. 문서상 권장 파티 인원은 1인 또는 4인 파티다.,권장 파티 인원 / 1인 또는 4인 파티 권장,혼자 가능하다는 판단과 근거 수치를 함께 답한다.,qwen3:4b-instruct-2507-q4_K_M,bge-m3,BAAI/bge-m3,DOC-05-C0638|DOC-05-C0637|DOC-04-C0442|DOC-04-C0460|DOC-04-C0459|DOC-05-C0738|DOC-04-C0443|DOC-05-C0740,DOC-05|DOC-04,0.626|0.624|0.615|0.614|0.595|0.591|0.589|0.579,"[근거 1] chunk_id=DOC-05-C0638, doc_id=DOC-05, title=5/6(수) 퍼스트 서버 업데이트 안내, lines=16-30, score=0.63
<최후의 과업> 은 모든 요일에 입장 가능합니다.
<최후의 과업> 채널에서 '성화의 라미에르' NPC를 통해 콘텐츠에 입장할 수 있습니다.
'성화의 라미에르' NPC 혹은 파티 찾기 UI의 파티 생성 버튼을 통해 생성이 가능합니다.
파티 생성 / 가입 후 상단 지역으로 이동하여 '성화의 라미에르' NPC 또는 상단 포탈을 통해 콘텐츠를 시작할 수 있습니다.
콘텐츠 정보
구분
내용
파티 생성창
입장 레벨
115레벨 이상
권장 파티 인원
1인 또는 4인 파티 권장
입장 명성
108,921
입장 시 소모 피로도

[근거 2] chunk_id=DOC-05-C0637, doc_id=DOC-05, title=5/6(수) 퍼스트 서버 업데이트 안내, lines=13-27, score=0.62
<최후의 과업> 상급 던전 콘텐츠가 업데이트됩니다.
콘텐츠 입장
<최후의 과업> 채널은 모험가 명성 108,921부터 입장이 가능합니다.
<최후의 과업> 은 모든 요일에 입장 가능합니다.
<최후의 과업> 채널에서 '성화의 라미에르' NPC를 통해 콘텐츠에 입장할 수 있습니다.
'성화의 라미에르' NPC 혹은 파티 찾기 UI의 파티 생성 버튼을 통해 생성이 가능합니다.
파티 생성 / 가입 후 상단 지역으로 이동하여 '성화의 라미에르' NPC 또는 상단 포탈을 통해 콘텐츠를 시작할 수 있습니다.
콘텐츠 정보
구분
내용
파티 생성창
입장 레벨
115레벨 이상
권장 파티 인원
1인 또는 4인 파티 권장

[근거 3] chunk_id=DOC-04-C0442, doc_id=DOC-04, title=최후의 과업 업데이트, lines=175-189, score=0.62
구분
내용
던전명
최후의 과업
입장 조건
115레벨 액트 퀘스트, '빛이 남긴 진의' 수락 시 수행할 수 있습니다.
입장 레벨
115레벨 이상
인원 제한
1인
입장 명성
없음
소모 피로도
없음
최후의 과업

[근거 4] chunk_id=DOC-04-C0460, doc_id=DOC-04, title=최후의 과업 업데이트, lines=229-243, score=0.61
<최후의 과업> 채널은 모험가 명성 108,921부터 입장이 가능합니다.
<최후의 과업> 은 모든 요일에 입장 가능합니다.
<최후의 과업> 채널에서 '성화의 라미에르' NPC를 통해 콘텐츠에 입장할 수 있습니다.
'성화의 라미에르' NPC 혹은 파티 찾기 UI의 파티 생성 버튼을 통해 생성이 가능합니다.
파티 생성 / 가입 후 상단 지역으로 이동하여 '성화의 라미에르' NPC 또는 상단 포탈을 통해 콘텐츠를 시작할 수 있습니다.
퍼스트 서버 대비 변경 사항
콘텐츠 내 일부 메시지의 가독성 개선 및 문구가 수정됩니다.
던전 시스템 관련 효과음이 추가, 개선됩니다.
콘텐츠 정보
구분
내용
파티 생성창
입장 레벨
115레벨 이상
권장 파티 인원

[근거 5] chunk_id=DOC-04-C0459, doc_id=DOC-04, title=최후의 과업 업데이트, lines=226-240, score=0.59
<최후의 과업> 데미지 표기가 1/100 비율로 압축됩니다.
- 이후 추가될 신규 콘텐츠들도 모두 데미지를 1/100 비율로 압축하여 표기할 예정이니 참고 부탁드립니다.
콘텐츠 입장
<최후의 과업> 채널은 모험가 명성 108,921부터 입장이 가능합니다.
<최후의 과업> 은 모든 요일에 입장 가능합니다.
<최후의 과업> 채널에서 '성화의 라미에르' NPC를 통해 콘텐츠에 입장할 수 있습니다.
'성화의 라미에르' NPC 혹은 파티 찾기 UI의 파티 생성 버튼을 통해 생성이 가능합니다.
파티 생성 / 가입 후 상단 지역으로 이동하여 '성화의 라미에르' NPC 또는 상단 포탈을 통해 콘텐츠를 시작할 수 있습니다.
퍼스트 서버 대비 변경 사항
콘텐츠 내 일부 메시지의 가독성 개선 및 문구가 수정됩니다.
던전 시스템 관련 효과음이 추가, 개선됩니다.
콘텐츠 정보
구분
내용
파티 생성창

[근거 6] chunk_id=DOC-05-C0738, doc_id=DOC-05, title=5/6(수) 퍼스트 서버 업데이트 안내, lines=316-330, score=0.59
던전명
최후의 과업
입장 조건
115레벨 액트 퀘스트, '빛이 남긴 진의' 수락 시 수행할 수 있습니다.
입장 레벨
115레벨 이상
인원 제한
1인
입장 명성
없음
소모 피로도
없음
최후의 과업
신규 시나리오 던전 '최후의 과업'이 추가됩니다.
미카엘라의 빛이 서서히 사그라들고 있다.

[근거 7] chunk_id=DOC-04-C0443, doc_id=DOC-04, title=최후의 과업 업데이트, lines=178-192, score=0.59
최후의 과업
입장 조건
115레벨 액트 퀘스트, '빛이 남긴 진의' 수락 시 수행할 수 있습니다.
입장 레벨
115레벨 이상
인원 제한
1인
입장 명성
없음
소모 피로도
없음
최후의 과업
신규 시나리오 던전 '최후의 과업'이 추가됩니다.
미카엘라의 빛이 서서히 사그라들고 있다.
모험가는 그를 지키기 위해 별마로로 향하고자 한다.

[근거 8] chunk_id=DOC-05-C0740, doc_id=DOC-05, title=5/6(수) 퍼스트 서버 업데이트 안내, lines=322-336, score=0.58
인원 제한
1인
입장 명성
없음
소모 피로도
없음
최후의 과업
신규 시나리오 던전 '최후의 과업'이 추가됩니다.
미카엘라의 빛이 서서히 사그라들고 있다.
모험가는 그를 지키기 위해 별마로로 향하고자 한다.
그러나 별마로에 이르기 위해서는 반드시 과업의 전당을 지나야만 한다.
본래 그곳은 별마로로 향하려는 순례자들에게 과업이 내려지는 장소였다.
하지만 지금은 미카엘라를 지키기 위해 검은 성전을 승리로 이끌었던 성인들이 강림해 있다.
미카엘라를 구하려는 마음은 같으나, 성인들 각자가 품은 신념과 방식은 저마다 다르다.
모험가는 그들과 마주하며 미카엘라의 빛을 되찾기 위한 여정에 나선다.",,,,,"- 최후의 과업은 1인 플레이가 가능합니다.  
- 권장 파티 인원은 1인 또는 4인 파티가 권장됩니다.  
- 다만, 입장 조건은 115레벨 이상이며, '빛이 남긴 진의' 액트 퀘스트를 수락한 후 수행할 수 있습니다.  
- 입장 명성은 필요 없으며, 소모 피로도도 없습니다.",5.300,success,
